Feature_1,Feature_2,Feature_3,Feature_4,Feature_6,Label
13073.6,60694.8,-3530.0,36.0,2754.0,1.0
14868.8,140849.0,-4940.0,64.0,5844.0,0.0
6037.22,11152.6,-1922.18,29.0,764.0,1.0
15098.8,66975.0,-4212.0,40.0,2603.0,0.0
4237.13,2484.0,-719.0,19.0,186.0,0.0
11534.4,41229.7,-2040.0,34.0,1414.0,1.0
10279.8,31541.4,-4371.9,125.0,1692.0,0.0
8634.75,25312.1,-3174.19,22.0,1519.0,0.0
10556.3,49268.8,-5010.0,26.0,2677.0,0.0
10176.3,38697.1,-4069.74,20.0,2118.0,1.0
17594.8,154979.0,-7682.0,187.0,5322.0,0.0
4894.01,4154.99,-849.0,11.0,317.0,0.0
7473.14,14095.0,-2354.46,96.0,809.0,0.0
5717.83,11214.8,-1914.37,24.0,764.0,1.0
12868.6,60396.1,-4120.0,31.0,2754.0,1.0
9660.45,26439.6,-2803.58,96.0,1403.0,1.0
5859.63,11122.5,-1910.62,31.0,764.0,1.0
23524.6,540960.0,-12723.0,82.0,12656.0,0.0
6761.12,13199.8,-1519.4,16.0,804.0,0.0
8158.19,13091.5,-2691.13,16.0,806.0,1.0
9030.13,11211.1,-3089.86,39.0,654.0,1.0
6109.85,11850.4,-1934.95,19.0,765.0,0.0
12106.6,73530.0,-4460.0,30.0,3630.0,0.0
17677.6,214089.0,-10454.0,104.0,7827.0,0.0
9469.83,26534.0,-3281.0,47.0,1362.0,1.0
9747.71,49593.3,-5630.0,23.0,2677.0,1.0
7795.18,4717.18,-2682.88,27.0,271.0,1.0
9657.13,32918.0,-3564.95,78.0,1922.0,1.0
2242.17,53.6338,-339.0,96.0,5.0,0.0
27488.0,918289.0,-12882.0,129.0,24441.0,0.0
24483.7,316185.0,-11000.0,87.0,8870.0,0.0
13924.8,180839.0,-10393.0,150.0,7221.0,0.0
5621.79,4330.75,-1225.34,9.0,340.0,0.0
10106.3,53225.8,-3240.0,21.0,2599.0,1.0
10494.6,39800.8,-3915.45,26.0,2118.0,1.0
7743.97,33583.0,-3166.48,81.0,1919.0,0.0
12810.9,45978.8,-2540.0,40.0,2059.0,0.0
6867.73,6751.36,-2195.7,34.0,428.0,0.0
4942.25,3379.65,-834.824,49.0,132.0,0.0
9947.84,32508.2,-3474.41,89.0,1922.0,1.0
8414.06,11998.3,-2544.67,80.0,693.0,0.0
9871.74,37738.3,-4053.85,25.0,2118.0,0.0
6960.35,6453.29,-2191.89,32.0,428.0,0.0
21321.1,332611.0,-6970.0,88.0,11563.0,0.0
8228.85,4870.91,-2586.35,33.0,271.0,1.0
2444.73,58.4986,-156.0,96.0,5.0,0.0
3853.74,2149.74,-1167.6,22.0,165.0,0.0
8752.9,33996.0,-3043.0,23.0,1869.0,0.0
5278.68,7006.0,-1344.0,5.0,479.0,1.0
16137.3,204358.0,-10394.0,158.0,7823.0,0.0
13087.6,110938.0,-4990.0,64.0,4426.0,1.0
9191.46,29214.2,-3456.45,32.0,1626.0,0.0
5732.72,7633.71,-1791.5,73.0,457.0,0.0
12731.4,55797.2,-3500.0,64.0,2192.0,1.0
6850.9,4364.0,-2641.0,19.0,272.0,1.0
8146.49,12907.4,-2613.94,17.0,806.0,1.0
7416.61,9446.14,-2484.03,15.0,621.0,0.0
7492.32,19541.7,-2330.0,15.0,973.0,1.0
8735.94,12233.8,-2451.14,79.0,693.0,0.0
3768.76,1172.52,-831.422,30.0,102.0,0.0
14686.1,153157.0,-7530.0,95.0,6290.0,1.0
16733.5,155718.0,-6300.0,53.0,5972.0,0.0
9431.17,16796.6,-3790.96,79.0,973.0,0.0
5332.45,4019.58,-2320.0,20.0,292.0,0.0
8740.97,24768.0,-3954.0,72.0,1363.0,0.0
12268.7,52837.5,-3920.0,31.0,2677.0,0.0
9709.76,38889.6,-2610.0,11.0,1885.0,0.0
15493.8,141909.0,-2743.01,194.0,5847.0,1.0
9012.88,27051.9,-3220.0,24.0,1364.0,1.0
3733.48,2110.56,-583.344,3.0,161.0,0.0
23453.1,267384.0,-10294.0,275.0,6864.0,0.0
5771.52,4173.87,-1472.52,125.0,318.0,0.0
13073.1,91000.1,-6130.0,58.0,3885.0,0.0
11666.8,58361.2,-5040.0,44.0,2822.0,1.0
7617.93,4784.35,-2717.41,33.0,271.0,1.0
9376.22,25829.4,-3365.31,39.0,1415.0,1.0
8249.55,9246.0,-2599.0,16.0,483.0,1.0
8535.77,13612.0,-2839.0,60.0,844.0,1.0
11479.0,52172.0,-4310.0,25.0,2747.0,1.0
12016.0,78920.0,-7044.0,190.0,3620.0,0.0
7869.81,12938.4,-2586.37,15.0,806.0,1.0
10100.1,26867.2,-3268.29,33.0,1415.0,1.0
11455.2,68638.0,-5616.0,177.0,3371.0,0.0
2343.55,67.7433,-805.0,6.0,5.0,0.0
13879.4,67826.3,-2820.0,64.0,2192.0,1.0
5480.1,4256.74,-1010.0,13.0,292.0,0.0
9378.51,26269.3,-3382.97,30.0,1415.0,1.0
5816.71,7514.77,-1651.94,48.0,545.0,0.0
2373.38,50.9566,-515.0,8.0,5.0,0.0
4139.33,1961.18,-1102.76,5.0,166.0,0.0
10132.6,32119.0,-3410.33,76.0,1922.0,1.0
20795.4,248000.0,-10693.0,344.0,8097.0,0.0
22167.3,410581.0,-7590.0,57.0,14125.0,1.0
10201.8,28286.0,-2290.0,22.0,1521.0,1.0
9633.91,25824.0,-3314.33,21.0,1415.0,1.0
21612.7,206447.0,-4880.0,79.0,6746.0,0.0
8549.2,11361.6,-3090.26,43.0,654.0,1.0
10214.7,10391.9,-1880.0,35.0,587.0,0.0
14059.8,60700.0,-5320.0,27.0,2754.0,1.0
11399.5,86091.3,-2680.0,26.0,3450.0,1.0
6488.37,8975.0,-2028.0,18.0,551.0,0.0
9303.12,37696.1,-3808.98,38.0,2054.0,0.0
2301.8,51.8815,-232.0,92.0,5.0,0.0
8591.85,10272.3,-2207.75,30.0,492.0,0.0
6737.62,13291.0,-2455.0,24.0,850.0,0.0
8622.52,37689.6,-3932.59,53.0,2054.0,0.0
7157.44,4098.86,-2284.13,71.0,249.0,1.0
8869.61,19909.4,-2709.07,88.0,1023.0,0.0
5558.71,7302.46,-1682.88,48.0,545.0,1.0
8499.95,24569.2,-3125.09,33.0,1519.0,1.0
9156.35,51206.4,-3320.0,33.0,2599.0,1.0
10223.4,86424.2,-3360.0,16.0,3450.0,0.0
26149.1,619413.0,-14503.0,164.0,19042.0,0.0
8920.48,10196.1,-585.315,0.0,490.0,0.0
6344.83,6722.0,-2789.0,12.0,426.0,1.0
5209.72,2973.84,-1167.64,49.0,224.0,0.0
20931.1,183794.0,-4590.0,73.0,6746.0,0.0
5453.61,5224.0,-2312.0,51.0,321.0,0.0
7559.73,12810.5,-2910.36,15.0,806.0,1.0
6751.78,9353.05,-3313.33,20.0,554.0,0.0
15023.5,82931.0,-2170.0,69.0,2059.0,0.0
29163.0,640365.0,-13217.0,123.0,15886.0,0.0
10844.0,27717.4,-1510.0,25.0,1521.0,1.0
6477.57,7392.17,-1457.71,36.0,545.0,1.0
13362.1,142469.0,-6406.95,159.0,6057.0,1.0
5895.48,11145.7,-1910.7,23.0,764.0,1.0
10482.4,56658.0,-6180.0,55.0,2596.0,0.0
13304.0,98176.2,-5748.09,154.0,4061.0,1.0
24677.1,260454.0,-7430.0,98.0,8350.0,0.0
13798.6,140416.0,-6364.12,186.0,6057.0,1.0
11450.8,68767.7,-5192.42,147.0,3373.0,0.0
7396.99,12483.3,-2919.02,15.0,806.0,0.0
5246.89,4385.49,-1290.43,16.0,340.0,0.0
7525.34,8171.56,-1830.0,20.0,453.0,1.0
9905.63,38241.5,-3585.3,41.0,2054.0,1.0
12188.7,16295.0,-4090.0,184.0,524.0,0.0
8179.01,14236.0,-3270.0,50.0,931.0,0.0
9724.53,39742.0,-5417.0,21.0,1803.0,0.0
5942.39,7527.33,-1847.72,67.0,457.0,0.0
13615.3,139869.0,-2680.0,81.0,5844.0,0.0
9118.23,11478.6,-3012.19,36.0,654.0,1.0
14372.9,45448.1,-2740.0,60.0,1573.0,0.0
15453.5,117404.0,-4840.0,50.0,4426.0,0.0
9758.86,36201.5,-3730.0,44.0,1997.0,0.0
9230.25,28713.3,-3397.78,35.0,1626.0,1.0
5265.72,1821.0,-1449.39,18.0,147.0,0.0
13649.7,60699.3,-1910.0,53.0,2822.0,1.0
9402.96,22472.5,-2801.45,77.0,1156.0,1.0
13058.0,54019.6,-3800.0,18.0,2677.0,1.0
13740.0,111610.0,-5020.0,57.0,4426.0,1.0
5044.47,4498.18,-2050.0,16.0,343.0,0.0
8266.62,9767.04,-2823.42,21.0,554.0,1.0
16543.6,230510.0,-12818.0,83.0,8856.0,0.0
7433.23,14427.6,-2305.49,83.0,809.0,0.0
11763.2,32682.7,-2170.0,35.0,1414.0,1.0
11533.9,115580.0,-3490.0,48.0,4905.0,0.0
6918.68,5286.62,-2380.0,10.0,292.0,0.0
7740.12,10094.3,-2373.19,26.0,621.0,1.0
7410.17,8038.89,-3440.0,30.0,549.0,0.0
13444.6,49277.4,-2910.0,43.0,2059.0,1.0
8478.61,4780.96,-2568.96,26.0,271.0,1.0
8617.3,13612.3,-3012.56,33.0,729.0,1.0
8547.91,11182.7,-3144.57,26.0,654.0,1.0
12511.3,47917.9,-4943.8,35.0,2056.0,0.0
6371.28,8475.91,-1610.0,26.0,516.0,0.0
12168.6,61498.0,-6006.0,55.0,2754.0,0.0
10627.6,42267.0,-4607.0,23.0,2060.0,0.0
11725.4,33581.1,-439.0,31.0,1111.0,1.0
11458.4,48185.0,-4343.0,120.0,2128.0,0.0
11277.1,46123.0,-5082.0,33.0,2122.0,0.0
8466.16,20246.8,-3480.91,116.0,1162.0,1.0
6763.03,7251.57,-2400.0,158.0,486.0,1.0
26687.9,284011.0,-12400.0,83.0,8870.0,0.0
9170.27,11448.7,-2909.88,35.0,654.0,1.0
5897.24,11223.6,-1955.95,15.0,764.0,1.0
12481.9,47231.0,-6258.0,45.0,1999.0,0.0
9199.75,26558.3,-2983.54,102.0,1403.0,1.0
8948.59,30331.9,-2048.31,28.0,1513.0,1.0
15776.3,116229.0,-4880.0,57.0,4426.0,0.0
26452.0,553265.0,-12980.0,114.0,16781.0,0.0
8340.9,23631.0,-1945.0,29.0,1200.0,0.0
25149.9,476183.0,-10600.0,39.0,15505.0,0.0
9473.77,41049.3,-2776.88,93.0,2181.0,0.0
6879.87,4979.95,-2163.32,70.0,346.0,0.0
7303.26,8353.2,-1876.75,70.0,517.0,1.0
21877.4,406247.0,-8270.0,57.0,14125.0,1.0
13043.8,79949.3,-5630.0,59.0,3539.0,1.0
4973.5,3307.61,-1185.67,34.0,249.0,0.0
8831.18,11432.2,-3178.81,47.0,654.0,1.0
7950.68,4649.77,-2642.7,38.0,271.0,1.0
12343.2,59264.0,-3817.53,142.0,2904.0,1.0
4898.24,4237.98,-1299.76,22.0,340.0,0.0
11297.4,51110.8,-5400.0,33.0,2677.0,0.0
2482.22,58.8102,-240.0,92.0,5.0,0.0
6080.86,11149.6,-1841.57,39.0,764.0,1.0
5983.0,10952.5,-1935.74,19.0,764.0,1.0
9847.9,34760.4,-3180.0,37.0,1581.0,1.0
11967.8,29999.3,-1430.0,31.0,1111.0,1.0
5645.97,4298.05,-1484.78,127.0,318.0,0.0
20373.2,185478.0,-4140.0,75.0,6746.0,0.0
6697.88,7771.0,-2869.0,55.0,369.0,0.0
8919.6,20349.5,-3371.96,81.0,1162.0,1.0
8568.11,29863.3,-3536.05,34.0,1626.0,0.0
22239.8,411705.0,-8340.0,58.0,14125.0,0.0
13552.2,59400.0,-4576.0,23.0,2261.0,0.0
10159.3,37627.3,-3610.0,34.0,1997.0,1.0
8937.8,13140.5,-2509.12,16.0,806.0,1.0
7659.06,9547.41,-2501.97,30.0,621.0,0.0
9137.63,13993.7,-2858.11,26.0,729.0,1.0
3179.51,1146.49,-743.836,29.0,102.0,0.0
7151.28,14147.0,-2373.68,95.0,809.0,0.0
24214.4,489428.0,-12775.0,350.0,14495.0,0.0
8318.05,39857.0,-4819.0,25.0,2178.0,0.0
14459.7,143799.0,-5930.87,176.0,6057.0,1.0
10191.7,29056.1,-2500.0,29.0,1414.0,0.0
29565.4,539595.0,-14483.0,70.0,12042.0,0.0
25229.0,474706.0,-10300.0,65.0,15505.0,0.0
7827.78,5280.0,-3015.0,14.0,346.0,0.0
10110.4,67660.0,-4612.0,131.0,3445.0,0.0
8609.32,4768.08,-2599.84,31.0,271.0,1.0
5587.22,2952.22,-1108.43,39.0,224.0,1.0
22172.7,410654.0,-8340.0,73.0,14125.0,1.0
20942.0,410464.0,-8880.0,63.0,14125.0,0.0
13718.6,46730.4,-5744.39,65.0,2061.0,1.0
5759.36,4255.85,-1410.84,128.0,318.0,0.0
14564.3,144413.0,-6360.0,56.0,5844.0,1.0
16836.1,111564.0,-6600.0,35.0,4619.0,1.0
8885.11,16214.0,-2412.0,20.0,656.0,0.0
9846.65,27534.5,-3010.0,34.0,1521.0,1.0
6326.0,3322.16,-597.0,10.0,166.0,0.0
5987.37,4898.08,-1190.0,21.0,343.0,0.0
13640.0,42647.6,-3590.0,46.0,1581.0,0.0
10396.2,10366.4,-2270.0,31.0,587.0,0.0
9936.75,36688.1,-3840.0,34.0,1997.0,1.0
5675.8,11126.8,-1890.28,28.0,764.0,1.0
9468.12,36674.3,-3880.0,37.0,1997.0,0.0
21574.7,178020.0,-5070.0,97.0,5537.0,0.0
15761.9,115343.0,-5570.0,49.0,4426.0,0.0
7877.04,12822.7,-2705.96,15.0,806.0,1.0
9008.15,39045.4,505.0,13.0,1885.0,0.0
16775.9,90192.0,-7555.0,60.0,3140.0,0.0
13200.8,47551.1,169.0,45.0,2059.0,0.0
8465.72,11947.3,-2727.49,69.0,619.0,0.0
6189.58,10266.9,-2720.0,15.0,689.0,0.0
2751.38,51.591,-477.0,92.0,5.0,0.0
7543.03,12803.4,-2843.64,17.0,806.0,1.0
15435.0,144972.0,-5803.6,170.0,6057.0,1.0
8936.74,26402.2,-2230.0,41.0,1364.0,0.0
9781.46,32730.0,-6605.0,34.0,1631.0,0.0
6658.23,10494.6,-3220.0,16.0,689.0,0.0
17010.5,111172.0,-5440.0,42.0,4619.0,1.0
8311.96,26510.9,-4210.0,26.0,1414.0,0.0
2550.42,52.7301,-319.0,96.0,5.0,0.0
11986.7,51362.1,-6510.0,32.0,2188.0,0.0
11851.7,57414.9,-3270.0,66.0,2192.0,1.0
25407.7,478807.0,-12300.0,55.0,15505.0,0.0
12939.0,74465.9,-4230.0,26.0,3630.0,0.0
9052.43,11077.3,-3101.81,25.0,654.0,1.0
9853.59,49031.4,-6380.0,42.0,2677.0,1.0
35973.0,1312510.0,-17193.0,167.0,32301.0,0.0
9738.72,12200.9,-2263.46,82.0,619.0,1.0
3728.92,2215.58,-570.825,3.0,161.0,0.0
7078.89,6562.1,-1920.0,11.0,395.0,0.0
17449.5,137399.0,-8240.0,119.0,5537.0,0.0
12188.6,73601.2,-4670.0,26.0,3630.0,0.0
9602.69,19717.0,-4447.0,29.0,1069.0,0.0
25259.9,301973.0,-9450.0,103.0,8350.0,0.0
9835.86,25163.0,-3068.0,72.0,1468.0,1.0
16322.5,144218.0,-7418.01,193.0,5847.0,1.0
12441.9,86540.0,-6083.0,71.0,4067.0,0.0
6346.31,7265.0,-1560.89,45.0,545.0,1.0
24336.3,462358.0,-11600.0,58.0,15505.0,0.0
22431.1,257715.0,14800.0,86.0,8870.0,0.0
8567.61,9985.2,-3520.0,35.0,587.0,0.0
6010.48,7084.01,-1609.15,38.0,545.0,1.0
9139.71,17005.7,-4003.8,78.0,973.0,0.0
7062.94,14415.7,-2735.85,85.0,970.0,0.0
7914.59,12863.9,-2720.8,15.0,806.0,1.0
5335.02,1776.78,-1451.57,26.0,147.0,0.0
5750.11,7217.49,-1668.76,52.0,545.0,1.0
9437.37,39537.0,-1800.0,11.0,1885.0,0.0
19875.4,409829.0,-10800.0,59.0,14125.0,0.0
11455.5,53824.5,-4424.8,111.0,2534.0,1.0
17527.8,164837.0,-7225.25,66.0,6744.0,0.0
8744.16,28699.7,-3417.45,34.0,1626.0,1.0
7221.03,9289.35,-3192.86,15.0,554.0,0.0
13749.3,92395.8,-6910.0,54.0,3885.0,0.0
7611.28,15449.0,-2463.4,57.0,970.0,1.0
23394.3,516483.0,-11403.1,119.0,18067.0,1.0
9063.6,28186.3,-2070.0,31.0,1364.0,1.0
7139.61,4082.11,-2232.96,69.0,249.0,1.0
7038.9,13790.1,-2390.0,94.0,809.0,0.0
11824.1,54628.6,-2060.0,45.0,2822.0,0.0
8770.1,11172.4,-3092.27,34.0,654.0,1.0
7692.16,19829.8,-3050.0,16.0,973.0,1.0
12072.3,115819.0,-3160.0,49.0,4905.0,0.0
6183.55,7215.07,-1570.96,45.0,545.0,1.0
10610.4,29690.2,-1120.0,15.0,1111.0,0.0
9916.67,35574.1,-4370.3,122.0,1691.0,1.0
9879.31,34485.2,-3381.73,82.0,1922.0,1.0
5237.46,1565.48,-1308.31,12.0,147.0,0.0
17066.0,62802.0,-8038.0,79.0,2404.0,0.0
13097.7,73498.4,-3500.0,32.0,3630.0,0.0
21033.3,410506.0,-10800.0,63.0,14125.0,0.0
6398.82,3522.0,-2341.0,4.0,118.0,1.0
5419.99,4297.89,-1100.0,12.0,317.0,0.0
20613.0,223537.0,-10256.0,127.0,7103.0,0.0
5990.37,11296.2,-1910.33,23.0,764.0,1.0
13344.1,43384.5,-2300.0,41.0,1581.0,1.0
8053.47,25382.7,-2140.0,30.0,1364.0,1.0
7102.16,14148.8,-2381.15,85.0,809.0,0.0
8445.43,11069.7,-3180.11,36.0,654.0,1.0
11987.8,72940.0,-3892.0,17.0,3459.0,0.0
15275.6,116938.0,-12641.0,76.0,4717.0,0.0
7058.14,5274.66,-2126.34,59.0,346.0,0.0
9555.74,30263.8,-3198.01,110.0,1747.0,0.0
5588.1,4745.0,-506.0,24.0,343.0,0.0
8225.49,12088.9,-2587.32,81.0,693.0,0.0
5156.99,4323.73,-1288.45,14.0,340.0,0.0
8814.81,11444.1,-3152.74,29.0,654.0,1.0
9973.46,26216.1,-3356.88,26.0,1415.0,1.0
14847.4,52767.5,-5196.52,55.0,2334.0,0.0
14424.2,144702.0,-6068.67,169.0,6057.0,1.0
9280.68,11417.0,-3021.64,36.0,654.0,1.0
8024.39,9530.12,-2773.12,30.0,554.0,1.0
9357.46,29263.8,-3407.09,31.0,1626.0,0.0
10397.1,98809.0,-4553.0,33.0,4617.0,0.0
10306.3,86517.3,-3240.0,17.0,3450.0,0.0
11542.8,17747.0,-4193.0,44.0,776.0,1.0
10310.8,37982.8,-4299.74,126.0,1751.0,0.0
7853.09,7527.0,-2901.0,28.0,371.0,0.0
10087.8,24391.0,-2504.0,42.0,1313.0,0.0
14741.9,59292.0,-5030.0,40.0,2188.0,0.0
7938.3,12840.7,-2739.81,15.0,806.0,1.0
4475.62,1305.58,-829.793,13.0,102.0,0.0
9849.79,26238.0,-3354.52,26.0,1415.0,1.0
9742.15,29868.8,-3166.86,110.0,1747.0,0.0
3661.27,2339.0,-1937.0,18.0,168.0,0.0
8851.88,17191.0,-2678.59,81.0,844.0,1.0
7852.9,26161.5,-2936.92,96.0,1521.0,1.0
12267.4,88963.0,-5225.0,27.0,4421.0,0.0
10768.8,57832.3,-6510.0,34.0,2754.0,0.0
8380.45,12210.7,-2350.56,75.0,693.0,0.0
4886.03,3485.93,-918.181,49.0,132.0,0.0
2011.54,61.4721,-617.0,92.0,5.0,0.0
12619.2,49005.0,-6398.0,59.0,2133.0,0.0
13683.7,92334.4,-5160.0,61.0,3885.0,1.0
13964.3,61103.9,-5050.0,28.0,2754.0,1.0
10648.0,39048.1,-3947.54,20.0,2118.0,1.0
8039.25,12888.5,-2743.55,15.0,806.0,1.0
11133.0,26813.1,-4137.09,41.0,1469.0,1.0
9307.98,11350.5,-3025.38,43.0,654.0,1.0
8217.59,13245.0,-3086.0,25.0,811.0,1.0
8318.34,9303.39,-2807.07,22.0,554.0,1.0
8970.25,11325.4,-2145.15,26.0,654.0,0.0
11167.5,85738.5,-2100.0,27.0,3450.0,0.0
16022.4,116505.0,-4360.0,53.0,4426.0,0.0
8209.64,11850.1,-2476.74,80.0,693.0,0.0
9005.78,28669.5,-3377.51,31.0,1626.0,1.0
15922.9,143345.0,-9268.0,51.0,5745.0,0.0
8225.71,10076.3,-2856.15,81.0,587.0,1.0
5229.74,4255.3,-1280.0,14.0,292.0,0.0
5879.88,11987.0,-1658.75,55.0,765.0,0.0
8503.12,24563.3,-3133.75,33.0,1519.0,1.0
9650.88,27466.9,-1870.0,27.0,1414.0,1.0
9714.21,29589.7,-1950.0,29.0,1364.0,0.0
9505.31,24501.2,-2732.98,31.0,1252.0,0.0
12830.5,80169.9,-4590.0,42.0,3539.0,1.0
22826.5,516634.0,-11652.3,143.0,18067.0,1.0
9884.54,34615.5,-4573.87,123.0,1691.0,1.0
8782.47,21769.9,-398.0,17.0,1111.0,0.0
18289.2,220828.0,-13509.0,81.0,7710.0,0.0
2533.12,48.0635,-454.0,96.0,5.0,0.0
10753.4,37959.0,-4306.08,117.0,1751.0,0.0
5813.51,3441.0,-1621.0,7.0,269.0,1.0
17911.3,193466.0,-7400.0,51.0,7459.0,1.0
3496.01,1290.25,-670.1289999999999,33.0,100.0,0.0
9538.53,56501.0,-4925.0,14.0,2664.0,1.0
8914.64,14033.6,-2867.36,33.0,729.0,1.0
15579.8,154695.0,-7893.0,200.0,5854.0,0.0
9580.9,38082.4,-3745.91,38.0,2054.0,0.0
9071.16,38004.7,-3786.95,45.0,2054.0,0.0
9395.58,16583.6,-18.9875,82.0,973.0,1.0
6755.25,29444.0,-2683.0,15.0,1680.0,0.0
8236.11,30436.7,-2004.15,39.0,1513.0,1.0
7815.47,20053.2,-2960.02,68.0,1156.0,1.0
9149.66,28950.3,-3329.76,30.0,1626.0,1.0
5655.36,7135.8,-1767.0,50.0,545.0,1.0
7596.46,9174.25,-2852.2,29.0,554.0,0.0
10878.0,25961.0,-4002.0,28.0,1208.0,1.0
8683.94,17124.0,-2772.06,82.0,844.0,1.0
6007.39,7391.74,-1599.62,49.0,545.0,0.0
10914.5,85896.4,-2270.0,27.0,3450.0,0.0
7955.62,27162.8,-2858.31,87.0,1521.0,1.0
8914.8,26478.0,-3501.0,49.0,1471.0,1.0
4858.84,4906.0,-3084.0,35.0,367.0,0.0
6224.33,7493.86,-1582.8,49.0,545.0,0.0
18426.7,195772.0,-7900.0,49.0,7459.0,0.0
5405.35,4357.4,-1180.0,17.0,292.0,0.0
18803.7,161627.0,-8260.0,82.0,6290.0,1.0
9135.34,9994.75,-2900.0,35.0,587.0,0.0
13582.7,51994.0,-6105.85,57.0,2334.0,1.0
6709.43,8021.0,-1961.0,18.0,484.0,0.0
10694.2,37905.5,-4176.08,128.0,1751.0,0.0
14341.9,59520.7,-6651.72,157.0,2610.0,0.0
19288.3,147427.0,-10200.0,63.0,5537.0,0.0
12771.1,91025.2,-4940.0,54.0,3885.0,0.0
3918.83,2172.92,-1125.55,19.0,165.0,0.0
9285.46,28696.8,-3387.33,34.0,1626.0,1.0
19535.4,147409.0,-9970.0,65.0,5537.0,0.0
9202.74,30310.8,-3474.7,124.0,1747.0,0.0
15466.8,94287.0,-4760.0,71.0,3885.0,1.0
5265.26,3469.44,-802.551,49.0,132.0,0.0
10019.7,43592.0,-4865.0,29.0,2392.0,0.0
15454.7,80324.3,-7021.05,70.0,3466.0,0.0
8851.23,19823.0,-3516.65,81.0,1162.0,0.0
7126.8,4070.98,-2265.05,70.0,249.0,1.0
23006.1,350879.0,-13508.0,241.0,10540.0,0.0
7839.22,9018.02,-1500.0,27.0,516.0,1.0
13440.7,47276.0,-4723.0,158.0,1362.0,0.0
9492.82,16694.1,-3820.62,89.0,973.0,0.0
19242.4,345736.0,-9217.89,92.0,10967.0,0.0
10330.6,26433.7,-3183.28,23.0,1415.0,1.0
7401.7,5688.08,-1660.0,16.0,292.0,0.0
12652.5,74033.4,-4670.0,17.0,3630.0,0.0
10102.4,49292.3,-5120.0,42.0,2677.0,1.0
4790.36,4441.0,-1890.0,2.0,168.0,0.0
2529.81,53.8114,-255.0,6.0,5.0,0.0
8426.28,10755.5,-3134.65,33.0,654.0,1.0
9278.65,46839.8,-5290.0,29.0,2677.0,0.0
13202.9,61458.0,-6027.0,27.0,2610.0,0.0
15336.0,82516.8,-2660.0,64.0,2059.0,0.0
14391.7,96064.3,-5714.92,54.0,4249.0,1.0
7296.97,15438.8,-2654.05,66.0,970.0,1.0
8160.02,4721.74,-2668.41,24.0,271.0,1.0
9577.37,18913.8,-4490.0,30.0,772.0,0.0
7656.68,8744.13,-1030.0,38.0,516.0,1.0
9520.17,27328.4,-2957.01,99.0,1403.0,1.0
6768.89,13353.5,-1569.38,13.0,804.0,0.0
25045.5,249546.0,-9410.0,99.0,8350.0,0.0
11453.4,50313.6,-4910.0,28.0,2677.0,0.0
6948.31,8682.15,-2600.0,20.0,516.0,0.0
7879.41,4797.89,-2660.4,20.0,271.0,1.0
13693.2,45616.8,-2480.0,42.0,1581.0,0.0
9273.11,27343.8,-2160.0,27.0,1521.0,1.0
13432.5,60792.1,-5420.0,27.0,2754.0,0.0
12229.1,51805.8,-3800.0,29.0,2677.0,0.0
15957.5,75670.0,-8383.0,79.0,3138.0,0.0
9876.42,36657.4,-3270.0,33.0,1997.0,1.0
6760.7,3865.23,-2264.01,72.0,249.0,1.0
10423.7,38961.9,-4098.83,27.0,2118.0,1.0
11143.4,39496.9,-3846.98,80.0,2118.0,1.0
6611.83,6833.75,-2000.0,160.0,486.0,1.0
10667.2,28656.1,-3630.0,24.0,1521.0,0.0
6611.68,3826.82,-2348.03,67.0,249.0,1.0
6657.33,10353.5,-3660.0,15.0,689.0,0.0
16359.7,191743.0,-9391.0,74.0,5854.0,0.0
2256.19,50.8236,-459.0,6.0,5.0,0.0
18333.7,202634.0,-9720.0,51.0,7459.0,0.0
12211.5,62568.0,-7574.0,221.0,2978.0,0.0
6909.98,11797.8,-1569.96,26.0,765.0,0.0
9491.66,16698.0,-3962.89,90.0,973.0,0.0
7385.98,4157.84,-2244.95,69.0,249.0,1.0
6039.84,7749.09,-1753.12,73.0,457.0,0.0
8413.92,8778.0,-2836.0,11.0,317.0,0.0
18722.3,161716.0,-6515.66,87.0,6744.0,0.0
7982.32,9881.98,-2369.92,25.0,621.0,1.0
9880.46,25574.3,-3381.47,25.0,1415.0,1.0
8073.11,12853.2,-2730.2,15.0,806.0,1.0
7236.09,6644.81,-1594.97,27.0,427.0,0.0
9352.77,27363.3,-2050.0,21.0,1414.0,1.0
9581.93,25915.6,-3416.07,24.0,1415.0,1.0
9862.91,17652.0,-3976.16,83.0,973.0,1.0
6873.57,10206.0,-3216.0,16.0,651.0,0.0
10141.0,55706.0,-5761.0,67.0,2897.0,0.0
8668.38,26652.7,-2670.0,31.0,1364.0,1.0
10336.3,48318.0,-4182.36,103.0,2534.0,0.0
5797.26,7251.56,-1767.67,50.0,545.0,1.0
4646.76,3938.46,-1390.73,11.0,340.0,0.0
4883.17,3874.01,-1510.0,15.0,317.0,0.0
9495.11,39294.8,-3090.0,15.0,1885.0,0.0
12429.3,73400.6,-4950.0,25.0,3630.0,0.0
8667.93,13927.1,-2835.55,24.0,729.0,1.0
12973.4,46644.8,-5852.49,67.0,2061.0,1.0
9182.16,16971.9,-4204.85,33.0,931.0,0.0
10071.8,34752.3,-4313.84,124.0,1691.0,1.0
10031.2,33860.4,-3478.29,95.0,1922.0,1.0
8660.5,21603.5,-2807.99,81.0,1156.0,1.0
12144.1,73493.4,-3950.0,23.0,3630.0,0.0
13494.2,80509.9,-5190.0,43.0,3539.0,1.0
25328.7,472677.0,-10300.0,53.0,15505.0,0.0
10909.3,102718.0,-5939.0,43.0,4712.0,0.0
8512.69,29000.0,-3899.0,39.0,1637.0,0.0
5849.32,4670.0,-2029.0,46.0,344.0,0.0
8817.29,17100.7,-2818.86,77.0,844.0,1.0
9355.83,25710.9,-3365.82,38.0,1415.0,1.0
16577.2,143215.0,-7339.09,177.0,5847.0,1.0
6951.57,14047.1,-2322.27,90.0,809.0,0.0
9155.75,38995.5,-2450.0,11.0,1885.0,0.0
23448.4,292238.0,-11100.0,84.0,8870.0,0.0
8384.63,22947.0,-2680.0,19.0,1206.0,0.0
7699.23,12852.4,-2762.22,15.0,806.0,1.0
6425.64,13424.5,-1597.91,16.0,804.0,0.0
5853.93,4291.46,-1155.02,24.0,340.0,0.0
22219.8,407653.0,-7820.0,55.0,14125.0,0.0
14982.8,176369.0,-9015.0,81.0,7096.0,0.0
8531.1,11957.7,-2536.48,85.0,693.0,0.0
6356.89,10129.1,-3360.0,11.0,689.0,0.0
8238.52,9466.27,-3081.18,22.0,554.0,0.0
7871.47,10391.0,-2406.0,42.0,587.0,0.0
9683.49,21665.0,-1725.97,83.0,1165.0,0.0
20687.8,145184.0,-5590.0,70.0,5537.0,0.0
11999.5,59661.3,-2900.0,56.0,2822.0,1.0
9200.26,35157.0,-2650.0,26.0,1626.0,0.0
9726.57,29529.3,-1440.0,47.0,1414.0,0.0
7629.9,10949.9,-3387.15,36.0,654.0,0.0
12839.3,91204.3,-4350.0,50.0,3885.0,1.0
10349.9,49929.0,-5396.0,44.0,2530.0,1.0
5133.37,1715.27,-1327.46,10.0,147.0,0.0
7593.73,9401.89,-2451.37,15.0,621.0,0.0
12167.1,73501.7,-4440.0,28.0,3630.0,0.0
7304.79,7255.36,-1510.0,159.0,486.0,1.0
7050.64,4058.57,-2286.21,75.0,249.0,1.0
13993.3,90825.8,-4080.0,49.0,3885.0,0.0
6259.88,6646.73,-2710.0,21.0,395.0,0.0
10423.5,39854.0,-4694.0,180.0,1935.0,0.0
9592.52,17089.8,-3917.21,69.0,973.0,0.0
9793.43,31373.0,-4940.0,38.0,1529.0,0.0
5208.49,4604.75,-1670.0,24.0,292.0,0.0
9747.05,18768.4,-3820.0,31.0,772.0,0.0
12817.3,58183.6,-1550.0,55.0,2822.0,1.0
7340.2,14763.3,-2778.76,81.0,970.0,0.0
5310.29,4052.8,-1517.91,121.0,318.0,0.0
9495.81,12344.3,-2683.82,89.0,619.0,1.0
2602.98,51.3839,-580.0,8.0,5.0,0.0
5239.4,4143.73,-1260.0,19.0,292.0,0.0
4954.37,2882.23,-1184.74,44.0,224.0,0.0
13729.9,47320.0,-5776.53,69.0,2061.0,1.0
6702.72,3950.45,-2365.78,70.0,249.0,1.0
5366.04,4202.43,-1526.58,121.0,318.0,0.0
24019.0,267863.0,-12400.0,91.0,8870.0,0.0
13305.7,59561.8,-2500.0,67.0,2822.0,1.0
6129.22,7348.94,-1623.95,50.0,545.0,1.0
12954.7,61086.9,-6030.0,31.0,2754.0,0.0
7875.46,9472.16,-2482.93,25.0,621.0,1.0
14247.5,51169.0,-4040.0,42.0,2464.0,0.0
13561.0,60537.6,-3970.0,29.0,2754.0,1.0
14023.9,82005.4,-6020.0,65.0,3539.0,1.0
13138.2,52427.9,-6124.04,56.0,2334.0,1.0
11157.5,91690.0,-7129.0,170.0,4337.0,0.0
14504.7,108146.0,-6670.0,49.0,4619.0,0.0
9306.12,27226.4,-2540.0,26.0,1364.0,1.0
13986.4,66062.9,-4060.0,56.0,2192.0,0.0
7108.59,4082.49,-2278.48,71.0,249.0,1.0
6623.15,12027.9,-1857.74,8.0,765.0,0.0
9790.43,26798.2,-2030.0,22.0,1414.0,1.0
9759.87,52089.2,-3140.0,32.0,2599.0,0.0
11144.9,67829.7,-5417.43,142.0,3373.0,0.0
12211.9,88949.2,-3330.0,28.0,3450.0,1.0
2462.86,51.9713,-572.0,6.0,5.0,0.0
8226.27,15783.0,-3709.0,23.0,927.0,0.0
8516.19,24631.2,-3131.79,33.0,1519.0,1.0
11228.2,69214.0,-4965.0,25.0,3375.0,0.0
14307.8,122973.0,-7655.0,65.0,4913.0,0.0
9559.29,12029.7,-2628.34,72.0,619.0,1.0
4261.1,2271.94,-970.0239999999999,19.0,165.0,0.0
7813.86,12827.2,-2743.67,15.0,806.0,1.0
8253.78,12052.0,-2599.85,87.0,693.0,0.0
14456.0,141141.0,-3710.0,61.0,5844.0,0.0
13210.1,59815.4,-3090.0,65.0,2822.0,1.0
10436.0,49491.2,-5440.0,22.0,2677.0,0.0
14925.2,137653.0,-8015.0,139.0,5849.0,0.0
5778.22,11062.8,-1876.53,23.0,764.0,1.0
13452.1,51788.9,-2960.0,36.0,2464.0,0.0
3868.82,2183.91,-1141.17,20.0,165.0,0.0
12535.4,115528.0,-3170.0,50.0,4905.0,0.0
14004.1,116017.0,-1850.0,40.0,4905.0,1.0
13661.4,46260.1,-2260.0,51.0,1581.0,0.0
12454.7,71253.2,-5399.54,46.0,3211.0,0.0
9786.32,30057.3,-3190.68,105.0,1747.0,0.0
9759.47,33060.1,-3870.0,35.0,1414.0,1.0
7656.72,8139.45,-1130.0,152.0,486.0,1.0
8487.96,25996.6,-2770.0,29.0,1364.0,0.0
8377.17,12301.8,-2537.5,82.0,693.0,0.0
17674.7,201592.0,-7906.0,74.0,7582.0,0.0
6380.73,7437.4,-2150.0,158.0,486.0,1.0
8352.86,4676.79,-2545.29,30.0,271.0,1.0
13338.6,75467.9,-4190.0,43.0,3217.0,0.0
6629.79,10259.5,-3060.0,16.0,689.0,0.0
6293.43,9485.0,-3055.0,30.0,623.0,0.0
14782.7,79473.0,-6839.65,116.0,3466.0,0.0
7942.57,12868.7,-2733.0,15.0,806.0,1.0
19953.0,344133.0,-9400.0,101.0,11563.0,0.0
13974.0,60998.2,-5550.0,28.0,2754.0,1.0
10474.6,32823.1,-3322.59,72.0,1922.0,1.0
6793.89,6846.0,-2313.0,10.0,483.0,1.0
10928.7,57462.6,-1171.55,89.0,2904.0,0.0
20959.0,176374.0,-9300.0,98.0,5537.0,0.0
9626.87,33415.1,-3555.88,95.0,1922.0,1.0
6339.41,7274.08,-1554.74,45.0,545.0,1.0
16264.0,161277.0,-7839.22,78.0,6744.0,0.0
8917.51,11637.9,-3054.91,30.0,654.0,1.0
5844.34,11139.7,-1879.7,20.0,764.0,1.0
12986.0,60587.5,-3850.0,43.0,2754.0,1.0
13312.1,60527.6,-4870.0,24.0,2754.0,0.0
5131.65,2818.84,-1202.24,30.0,205.0,0.0
10539.4,57689.4,-4488.48,138.0,2904.0,0.0
9785.83,38084.0,-5647.0,22.0,2122.0,0.0
8058.97,11912.4,-2459.47,82.0,693.0,0.0
26050.3,260411.0,-6200.0,95.0,8350.0,0.0
6433.08,10254.6,-3310.0,16.0,689.0,0.0
23706.2,268607.0,-8690.0,103.0,8350.0,0.0
21339.3,519015.0,-12083.6,136.0,18067.0,1.0
3912.33,2199.51,-1107.46,20.0,165.0,0.0
5796.42,7207.28,-1660.24,52.0,545.0,1.0
9969.34,28684.3,-1880.0,30.0,1521.0,1.0
10096.2,26152.2,-3270.29,34.0,1415.0,1.0
9591.08,27510.0,-3330.0,25.0,1521.0,1.0
8291.87,10465.6,-2825.78,98.0,490.0,1.0
25119.0,289032.0,-11000.0,103.0,8350.0,0.0
5772.94,4992.1,-477.0,36.0,343.0,0.0
10424.8,35041.4,-4345.67,114.0,1691.0,1.0
9533.46,32858.4,-3427.32,93.0,1922.0,1.0
7106.81,13914.2,-2405.67,97.0,809.0,0.0
15829.5,134269.0,-7360.0,82.0,5537.0,0.0
8575.31,26612.4,-1760.0,37.0,1364.0,1.0
3925.55,2201.96,-1159.38,20.0,165.0,0.0
9754.42,25594.1,-3346.71,29.0,1415.0,1.0
24246.8,279655.0,-9700.0,85.0,8870.0,0.0
12162.9,68474.0,-4482.0,54.0,2533.0,0.0
12503.3,45784.4,-5873.88,65.0,2061.0,1.0
9283.25,25748.4,-3440.97,29.0,1415.0,1.0
8027.83,4443.0,-1719.0,24.0,207.0,1.0
8711.17,30051.2,-2045.52,31.0,1513.0,1.0
11959.5,51926.9,-3790.0,15.0,2677.0,0.0
5130.22,3435.41,-811.3439999999999,50.0,132.0,0.0
6651.48,3925.17,-2190.53,67.0,249.0,1.0
5792.48,4238.4,-1581.93,126.0,318.0,0.0
8178.44,4565.62,-2668.4,30.0,271.0,1.0
24076.9,269238.0,-11300.0,80.0,8870.0,0.0
17662.6,220185.0,-6346.0,46.0,7344.0,0.0
16609.2,59814.7,-5831.28,101.0,2610.0,0.0
7824.86,50015.0,-3360.0,52.0,2599.0,0.0
8706.65,13339.1,-2471.45,17.0,806.0,1.0
8874.23,13856.5,-2935.83,21.0,729.0,1.0
9046.0,13687.6,-2890.13,14.0,729.0,1.0
20587.2,341201.0,-8370.0,113.0,11563.0,0.0
8047.74,9814.76,-2376.52,14.0,621.0,1.0
13159.6,58970.0,4340.0,45.0,2192.0,0.0
16655.7,160923.0,-13000.0,85.0,6290.0,0.0
9479.5,25614.4,-3281.69,32.0,1415.0,1.0
9911.99,36843.4,-4200.0,41.0,1997.0,1.0
8443.37,9445.88,-2637.9,37.0,554.0,1.0
8491.57,14231.0,-3652.0,54.0,732.0,0.0
7672.88,9596.85,-2851.2,36.0,554.0,0.0
13696.4,90473.1,-5410.0,55.0,3885.0,0.0
6642.2,10329.0,-3160.0,15.0,689.0,0.0
11575.3,89923.8,-6660.0,60.0,3885.0,0.0
14367.8,101899.0,-5606.58,153.0,4061.0,1.0
6943.07,5150.17,-2210.0,8.0,292.0,0.0
10217.5,48375.7,-5230.0,17.0,2677.0,0.0
11464.2,56470.8,-4800.0,48.0,2822.0,0.0
8946.08,27072.0,-2300.0,30.0,1364.0,1.0
10304.1,34774.9,-4345.6,120.0,1691.0,1.0
14900.4,60871.1,-4530.0,37.0,2188.0,1.0
23276.5,520974.0,-11561.9,129.0,18067.0,1.0
11098.9,64611.0,-5063.0,46.0,3053.0,0.0
5943.17,4399.57,-1182.79,19.0,340.0,0.0
14361.4,116344.0,-1540.0,44.0,4905.0,1.0
8772.78,4070.0,-1446.0,25.0,119.0,0.0
8465.49,13176.7,-2523.22,20.0,806.0,1.0
16990.8,110964.0,-5990.0,39.0,4619.0,1.0
10773.5,84271.3,-1280.0,19.0,3450.0,0.0
12907.9,49719.2,-4640.0,31.0,2188.0,1.0
10516.2,22435.2,-2460.0,34.0,1212.0,1.0
19389.3,246617.0,-11450.0,73.0,8080.0,0.0
5438.06,4361.84,-786.0,15.0,292.0,0.0
9996.45,35602.4,-4267.52,124.0,1691.0,1.0
8862.58,18382.0,-4782.0,62.0,1019.0,0.0
5914.45,7385.73,-1624.35,49.0,545.0,1.0
5137.01,1902.0,-1715.0,8.0,166.0,0.0
6638.27,5345.31,-2090.0,9.0,292.0,0.0
8147.38,12840.7,-2671.78,15.0,806.0,1.0
14874.8,148334.0,-8943.0,43.0,5840.0,0.0
9644.95,29051.4,-1910.0,28.0,1364.0,1.0
13440.0,103792.0,-6159.0,178.0,4822.0,0.0
11008.2,49710.9,-4590.0,26.0,2677.0,0.0
10255.3,30859.5,-3032.92,99.0,1747.0,1.0
6340.51,5542.88,-1670.0,24.0,343.0,0.0
6090.81,8732.0,-2142.0,4.0,518.0,0.0
10984.0,43581.0,-6839.0,191.0,2061.0,0.0
6075.08,7077.16,-1604.77,48.0,545.0,1.0
13224.7,59283.0,-7792.0,175.0,2542.0,0.0
18909.0,251775.0,-12900.0,76.0,8870.0,0.0
16277.3,95702.0,-5959.0,94.0,3545.0,0.0
2487.61,57.2156,-360.0,96.0,5.0,0.0
7837.97,9397.01,-2955.41,96.0,490.0,0.0
3703.58,2336.0,-1309.0,13.0,202.0,0.0
7383.83,12007.0,-1608.0,26.0,768.0,0.0
5280.59,4057.27,-1253.17,6.0,340.0,0.0
17506.3,63952.0,-6749.0,68.0,2756.0,0.0
6576.86,15744.6,-2460.96,72.0,971.0,0.0
7433.27,14034.3,-2376.74,87.0,809.0,0.0
8629.8,26660.5,-2720.0,35.0,1414.0,1.0
11973.9,113284.0,-3250.0,44.0,4905.0,0.0
21645.3,261098.0,-10275.0,137.0,7591.0,0.0
3297.39,1274.88,-663.558,32.0,100.0,0.0
9971.16,34311.9,-4492.97,132.0,1691.0,1.0
8442.41,8708.0,-3046.0,24.0,322.0,0.0
3589.45,2156.32,-597.9159999999999,7.0,161.0,0.0
5939.27,11203.5,-1900.39,22.0,764.0,1.0
5780.08,11070.4,-1889.42,21.0,764.0,1.0
5389.69,2995.97,-1188.01,44.0,224.0,0.0
16781.3,143409.0,-9330.0,66.0,5537.0,0.0
5439.1,3332.6,-1082.26,39.0,249.0,0.0
9269.55,13659.8,-2929.42,10.0,729.0,1.0
8032.13,13040.9,-2687.77,15.0,806.0,1.0
6403.36,5343.76,-2380.0,8.0,292.0,0.0
14831.9,95294.2,-4460.0,66.0,3885.0,0.0
9442.56,28657.4,-3100.0,36.0,1364.0,1.0
8668.52,12739.9,-2589.41,91.0,619.0,1.0
13057.7,72536.3,-5486.43,34.0,3211.0,1.0
12317.1,70136.3,-5516.14,53.0,3211.0,0.0
14478.6,142020.0,-5920.0,53.0,5844.0,0.0
5291.31,4276.55,-1190.0,9.0,317.0,0.0
7581.17,14395.8,-2294.03,100.0,809.0,0.0
19524.0,439868.0,-10569.0,36.0,12061.0,0.0
4549.03,3076.41,-1225.51,40.0,249.0,1.0
11124.5,86386.0,-2460.0,25.0,3450.0,1.0
5130.46,4298.56,-1490.0,12.0,317.0,0.0
11969.7,70389.6,-6471.76,27.0,3295.0,0.0
7327.93,7955.4,-2420.0,149.0,486.0,0.0
11745.2,45125.1,-5876.68,44.0,2061.0,1.0
14394.6,140075.0,-5870.0,41.0,5844.0,0.0
8925.58,12115.7,-2500.58,90.0,619.0,0.0
9675.16,16847.7,-4146.91,83.0,973.0,0.0
7781.48,22342.0,-3327.0,29.0,1260.0,0.0
13439.7,72567.3,-2680.0,34.0,3217.0,0.0
23275.0,468476.0,-12500.0,44.0,15505.0,0.0
9705.13,33422.5,-3556.04,89.0,1922.0,1.0
5204.76,4328.81,-1260.0,15.0,292.0,0.0
7546.32,6816.97,-1130.0,16.0,395.0,1.0
8703.84,21415.3,-3000.78,68.0,1156.0,1.0
5743.9,3670.0,-2710.0,11.0,273.0,0.0
11516.9,91892.5,-2630.0,39.0,3450.0,1.0
13504.1,49511.5,-5520.0,19.0,2188.0,0.0
5492.68,3766.63,-808.5189999999999,44.0,132.0,0.0
6122.41,5990.0,-3961.0,9.0,374.0,0.0
22776.7,410847.0,-9860.0,61.0,14125.0,1.0
13605.0,60999.8,-5470.0,24.0,2754.0,1.0
7100.89,4042.96,-2330.62,70.0,249.0,1.0
5830.89,6473.0,-1965.0,13.0,454.0,0.0
22496.3,518543.0,-11443.8,147.0,18067.0,1.0
10158.3,10654.2,-1800.0,44.0,587.0,0.0
11174.3,85162.9,-2820.0,19.0,3450.0,0.0
25191.4,481921.0,-13200.0,55.0,15505.0,0.0
12838.8,89600.0,-8601.0,31.0,3546.0,0.0
4820.92,3360.3,-1140.07,28.0,249.0,0.0
10354.8,57372.2,-3900.0,48.0,2822.0,1.0
20322.7,249718.0,-10400.0,61.0,8870.0,0.0
6962.55,4067.41,-2288.77,70.0,249.0,1.0
11795.3,114968.0,-3220.0,40.0,4905.0,0.0
10288.3,40039.8,-3260.0,17.0,1885.0,0.0
8588.89,25222.1,-3175.51,24.0,1519.0,0.0
19923.2,102294.0,-3680.0,50.0,3384.0,0.0
15345.8,143508.0,-4220.0,54.0,5844.0,1.0
13386.9,50396.9,-4780.0,20.0,2188.0,0.0
8140.77,9969.75,-2401.09,20.0,621.0,1.0
9622.82,51702.9,-3230.0,27.0,2599.0,0.0
6548.9,5255.66,-1700.0,8.0,292.0,0.0
16748.3,185838.0,-7232.0,176.0,5975.0,0.0
5238.36,1671.43,-1461.37,23.0,147.0,0.0
31507.1,1225000.0,-21786.0,161.0,32064.0,0.0
14189.6,59502.1,-6690.93,158.0,2610.0,0.0
22322.6,516256.0,-11599.5,153.0,18067.0,1.0
9380.02,27019.2,-2914.85,97.0,1403.0,1.0
9836.56,26734.1,-1790.0,23.0,1414.0,1.0
16683.3,110838.0,-5270.0,34.0,4619.0,0.0
8793.22,23368.5,-2973.15,29.0,1252.0,0.0
5710.25,4126.56,-1494.33,119.0,318.0,0.0
13164.0,60769.1,-5220.0,30.0,2754.0,0.0
6828.12,4067.96,-2333.01,71.0,249.0,1.0
18230.4,149092.0,-7832.0,64.0,5226.0,0.0
7582.09,17794.0,-3642.0,30.0,1068.0,0.0
5286.57,4306.98,-1530.0,11.0,317.0,0.0
8684.6,27352.5,-3160.01,111.0,1403.0,1.0
11562.4,58336.8,-2210.0,52.0,2822.0,1.0
9061.75,13600.1,-2818.8,16.0,729.0,1.0
9653.03,26504.8,-3017.24,42.0,1519.0,1.0
9995.91,34356.5,-4528.28,131.0,1691.0,1.0
25495.1,477157.0,-10900.0,58.0,15505.0,1.0
5111.6,5899.0,-832.0,10.0,396.0,0.0
7330.43,9009.24,-1906.93,69.0,517.0,0.0
9051.61,50058.1,-2650.0,37.0,2599.0,0.0
12961.9,51111.0,-6605.0,47.0,2396.0,0.0
12332.5,92139.0,-2720.0,50.0,2608.0,1.0
8323.32,25348.7,-3150.3,35.0,1519.0,0.0
18148.9,177102.0,-10113.0,218.0,6750.0,0.0
7471.02,4142.95,-2150.0,31.0,205.0,1.0
12898.6,93905.4,-6350.0,64.0,3885.0,1.0
22649.5,515394.0,-11506.2,150.0,18067.0,1.0
6702.79,6943.0,-3104.0,19.0,429.0,0.0
7193.86,14334.1,-2371.85,83.0,809.0,0.0
17060.9,190062.0,-6680.0,53.0,7459.0,0.0
6571.66,4032.0,-2315.0,49.0,271.0,1.0
13998.4,143080.0,-6159.37,162.0,6057.0,1.0
10326.1,28226.5,4300.0,36.0,1521.0,0.0
8217.91,11855.1,-2596.11,86.0,693.0,0.0
18749.2,145798.0,-6000.0,74.0,5537.0,0.0
6983.34,12069.9,-1777.66,8.0,765.0,0.0
13138.6,59784.5,-2070.0,48.0,2822.0,1.0
9516.41,37831.0,-3576.71,52.0,2054.0,0.0
8328.39,52060.8,-4370.0,24.0,2599.0,0.0
5297.79,4031.48,-1940.0,14.0,292.0,0.0
11806.4,53274.0,-8214.0,141.0,2466.0,0.0
9429.64,17043.4,-3986.84,35.0,931.0,0.0
12856.0,95849.0,-6398.0,44.0,4146.0,0.0
11052.6,56366.0,-6856.0,39.0,2465.0,0.0
3991.77,1541.11,-1029.99,32.0,133.0,0.0
19544.6,277595.0,-8616.0,76.0,9681.0,0.0
5792.83,11316.1,-1952.87,25.0,764.0,1.0
11595.2,69659.0,-5141.39,143.0,3373.0,0.0
8567.66,7682.91,-1020.0,13.0,453.0,1.0
7470.13,14290.1,-2371.38,88.0,809.0,0.0
6028.46,3836.0,-1663.0,13.0,246.0,0.0
8342.16,9418.73,-2786.4,86.0,490.0,1.0
18443.4,160486.0,-9480.0,87.0,6290.0,1.0
13080.3,61049.9,-3940.0,41.0,2754.0,1.0
13139.8,60481.0,-5764.0,59.0,2753.0,0.0
7438.49,19401.3,-4180.0,14.0,973.0,0.0
8466.99,13608.9,-2898.4,12.0,729.0,1.0
12882.5,59999.6,-5630.0,31.0,2754.0,0.0
9757.49,30542.0,-3205.91,119.0,1747.0,0.0
7719.7,9610.64,-2941.7,31.0,554.0,0.0
8921.63,16699.0,-3202.0,17.0,486.0,0.0
4165.22,2063.3,-1064.24,10.0,166.0,0.0
11009.2,70030.3,-5371.72,147.0,3373.0,0.0
10695.6,68264.8,-5462.19,149.0,3373.0,0.0
3723.34,2165.48,-584.06,4.0,161.0,0.0
6918.97,6500.37,-1710.0,18.0,395.0,0.0
7788.55,13028.3,-2866.77,14.0,806.0,1.0
21065.7,234001.0,16700.0,95.0,8350.0,0.0
8008.49,8055.0,-3990.0,20.0,490.0,0.0
11673.8,57664.7,-3704.03,100.0,2904.0,1.0
11147.5,113762.0,-3412.0,48.0,5103.0,0.0
10725.9,37881.7,-4077.25,112.0,1751.0,0.0
8951.52,12611.2,-2752.41,59.0,619.0,1.0
6894.8,5074.41,-2259.92,54.0,346.0,0.0
10821.5,34285.5,-1880.0,37.0,1414.0,0.0
10620.1,35974.7,-444.0,25.0,1111.0,0.0
9329.73,47030.5,-3890.0,17.0,2677.0,0.0
9762.95,64812.0,-5319.0,33.0,3203.0,0.0
10248.7,37930.7,-2850.0,48.0,1997.0,1.0
5815.74,7207.92,-1564.19,48.0,545.0,1.0
7066.74,12777.3,-2852.12,15.0,806.0,1.0
6585.56,5243.29,-1680.0,11.0,292.0,0.0
9406.14,12412.9,-2583.98,83.0,619.0,1.0
6734.39,12224.7,-1829.16,6.0,765.0,0.0
10067.3,86561.7,-5940.0,50.0,3885.0,0.0
12650.3,46367.0,-5934.87,63.0,2061.0,1.0
11951.2,37227.0,-5996.0,16.0,1934.0,0.0
9945.9,27277.1,-2543.04,108.0,1403.0,1.0
10793.8,84853.8,-3250.0,24.0,3450.0,0.0
9753.25,28496.0,-2835.19,94.0,1403.0,1.0
3933.34,2176.63,-1182.1,20.0,165.0,0.0
13493.6,54449.0,-5902.0,35.0,2398.0,0.0
10034.9,51938.9,-3300.0,32.0,2599.0,1.0
5489.41,3545.77,-750.43,46.0,132.0,0.0
3842.02,1519.86,-591.08,30.0,100.0,0.0
21749.2,410106.0,-9280.0,65.0,14125.0,0.0
5045.77,3437.5,-1184.69,34.0,249.0,0.0
11705.2,28303.4,-4156.81,50.0,1469.0,1.0
9873.67,12021.8,-2348.0,59.0,619.0,1.0
7426.12,14291.6,-2388.14,83.0,809.0,0.0
7813.38,9183.57,-1000.0,24.0,516.0,1.0
2544.29,56.3223,-383.0,6.0,5.0,0.0
5418.47,4178.98,-930.0,12.0,317.0,0.0
25360.2,477448.0,-11400.0,54.0,15505.0,1.0
13060.6,53713.0,-4093.0,91.0,1876.0,0.0
8584.7,11469.4,-3182.12,40.0,654.0,1.0
4982.22,2904.47,-1282.09,37.0,205.0,0.0
13680.7,93589.8,-5703.86,111.0,4249.0,0.0
9231.62,11688.1,-3086.44,38.0,654.0,1.0
9076.53,27201.9,-2911.1,92.0,1403.0,1.0
11902.1,46875.7,-5510.0,23.0,2188.0,0.0
8476.04,11956.1,-2436.28,78.0,693.0,0.0
17850.6,177271.0,-7260.0,70.0,6746.0,0.0
4530.17,3294.57,-1222.36,36.0,249.0,1.0
16398.5,160657.0,-7543.02,75.0,6744.0,0.0
12420.7,52500.3,-6410.0,55.0,2464.0,1.0
7339.31,8818.23,-1839.07,71.0,517.0,0.0
13261.0,60732.9,-4980.0,26.0,2754.0,1.0
17948.8,393239.0,-8190.0,81.0,14125.0,0.0
11949.2,48448.3,3800.0,31.0,1414.0,0.0
3772.23,1455.05,-956.678,38.0,133.0,0.0
13143.0,51517.8,-6141.18,44.0,2334.0,1.0
6068.44,11400.5,-1908.81,19.0,764.0,1.0
7026.44,5992.0,-2218.0,11.0,315.0,0.0
3998.67,2173.81,-1062.17,19.0,165.0,0.0
11428.8,41533.8,-1450.0,31.0,1414.0,1.0
7227.66,13730.0,-2369.0,28.0,813.0,0.0
19923.7,301046.0,-8462.0,80.0,10102.0,0.0
2441.18,49.7854,-441.0,92.0,5.0,0.0
7409.18,9866.0,-2098.0,15.0,617.0,0.0
13308.9,45620.7,-5916.28,52.0,2061.0,1.0
13843.6,122758.0,-3640.0,39.0,5112.0,0.0
12396.4,63430.3,-3940.0,30.0,2822.0,1.0
10730.1,57786.7,-4523.78,144.0,2904.0,0.0
17939.5,160383.0,-9660.0,91.0,6290.0,1.0
26230.2,328080.0,-9130.0,77.0,8870.0,0.0
15155.9,60283.3,-6546.08,149.0,2610.0,0.0
5281.79,4255.04,-1250.0,10.0,317.0,0.0
5039.91,4324.25,-1294.15,18.0,340.0,0.0
5640.53,11106.8,-1853.29,24.0,764.0,1.0
10944.0,57923.7,-4445.23,138.0,2904.0,0.0
7049.0,4170.23,-2460.39,71.0,249.0,1.0
5854.15,7370.16,-1666.65,54.0,545.0,1.0
14305.2,138761.0,-10118.0,44.0,5429.0,0.0
10213.9,31831.0,-3605.0,17.0,1526.0,1.0
19193.9,160620.0,-6341.91,141.0,6744.0,0.0
13913.3,60103.0,-7561.0,82.0,2198.0,0.0
26181.0,490999.0,-12200.0,51.0,15505.0,0.0
8243.17,9793.77,-2822.43,19.0,554.0,1.0
6785.53,13299.9,-1551.81,20.0,804.0,0.0
7121.52,4049.34,-2251.81,74.0,249.0,1.0
11090.9,39758.7,-4298.37,37.0,2118.0,1.0
20896.9,183386.0,-7830.0,91.0,5537.0,0.0
10073.8,43811.6,-3025.93,97.0,2181.0,1.0
20884.5,413235.0,-9530.0,58.0,14125.0,0.0
6919.3,4087.83,-2350.43,71.0,249.0,1.0
6730.0,9113.19,-625.0,25.0,516.0,0.0
20332.0,371342.0,-12248.0,94.0,12505.0,0.0
9024.83,33309.0,-5994.0,52.0,1696.0,0.0
7880.15,9321.99,-2897.01,28.0,554.0,0.0
8738.73,9762.0,-2121.0,29.0,618.0,0.0
2594.63,49.3234,-367.0,96.0,5.0,0.0
5925.89,11188.6,-1881.22,26.0,764.0,1.0
7107.27,4038.1,-2278.19,70.0,249.0,1.0
14294.8,143018.0,-6052.3,170.0,6057.0,1.0
13295.2,52099.7,-6127.63,53.0,2334.0,1.0
13000.9,59348.7,-2450.0,60.0,2822.0,1.0
10116.9,34274.1,-3475.97,80.0,1922.0,1.0
9613.92,46675.0,-3183.0,36.0,2319.0,0.0
6060.32,7302.0,-1119.0,11.0,516.0,1.0
9843.31,26639.7,-3349.2,24.0,1415.0,1.0
8880.36,27099.2,-1820.0,29.0,1364.0,1.0
19826.0,279817.0,-11745.0,268.0,9275.0,0.0
12678.1,56642.7,-4205.9,29.0,2394.0,0.0
14684.2,109643.0,-6900.0,36.0,4619.0,1.0
6393.82,4307.54,-845.587,95.0,318.0,0.0
8414.0,10150.9,-2217.26,28.0,621.0,0.0
9760.95,45002.7,-4990.0,40.0,2188.0,0.0
9427.45,12254.8,-2477.15,82.0,619.0,1.0
8091.08,21099.8,-2890.52,77.0,1156.0,1.0
4964.18,3005.76,-1248.41,43.0,224.0,0.0
7117.34,4051.75,-2260.67,69.0,249.0,1.0
11647.4,112078.0,75300.0,49.0,4905.0,0.0
9774.38,26183.4,-3405.62,25.0,1415.0,1.0
12020.3,72141.8,-5726.19,27.0,3211.0,0.0
6099.76,11337.9,-1864.27,20.0,764.0,1.0
9936.31,39007.2,-3546.8,57.0,2054.0,1.0
5361.56,4242.41,-626.0,10.0,317.0,0.0
13075.3,103338.0,-5040.0,62.0,4619.0,0.0
7591.78,7449.21,-1600.0,170.0,486.0,1.0
10644.5,33618.6,-3386.14,87.0,1922.0,1.0
11690.3,95094.0,-4200.0,55.0,4709.0,0.0
10359.2,26639.2,-3285.65,27.0,1415.0,1.0
17573.4,268551.0,-10935.0,63.0,9959.0,0.0
10967.8,17797.0,-4871.0,26.0,983.0,0.0
12105.7,53660.6,-4284.4,99.0,2534.0,1.0
5348.37,4490.61,-1440.0,17.0,292.0,0.0
6209.32,10182.9,-3030.0,21.0,689.0,0.0
18152.1,205001.0,-6708.0,61.0,8084.0,0.0
14477.5,96071.0,-5727.76,51.0,4249.0,1.0
10929.5,38369.4,-3866.14,55.0,1751.0,0.0
26182.1,659751.0,-20749.0,108.0,20635.0,0.0
3210.23,1256.64,-709.311,35.0,100.0,0.0
12157.9,73339.7,-5080.0,25.0,3630.0,0.0
9398.65,39000.2,-2510.0,16.0,1885.0,0.0
12994.2,56786.4,-3700.0,48.0,2192.0,1.0
5046.22,4217.95,-689.0,10.0,317.0,0.0
12906.5,58879.0,-4794.0,33.0,2537.0,0.0
6661.2,2238.0,-2309.0,16.0,186.0,0.0
10336.5,37402.5,-3811.3,34.0,2118.0,1.0
11987.0,52697.9,-3170.0,76.0,2192.0,0.0
13388.6,60626.6,-3170.0,42.0,2754.0,1.0
4649.53,2000.98,-972.0139999999999,8.0,166.0,0.0
8973.96,26629.6,-2490.0,39.0,1364.0,1.0
14216.4,93682.2,-4750.0,45.0,3885.0,1.0
6853.27,4086.27,-2326.12,71.0,249.0,1.0
9797.74,24261.2,-545.0,13.0,1111.0,1.0
4483.99,2583.83,-1197.91,38.0,224.0,0.0
13479.2,90547.2,-5120.0,45.0,3885.0,0.0
11110.0,70438.0,-6441.0,80.0,3292.0,0.0
8103.57,9424.79,-2999.65,18.0,554.0,0.0
21625.9,333010.0,-11069.0,101.0,9262.0,0.0
10416.6,57372.2,-3640.0,55.0,2822.0,1.0
10579.4,83405.0,-5987.0,21.0,3708.0,0.0
11971.6,111162.0,-6193.0,30.0,4335.0,0.0
6158.11,11113.6,-1872.88,23.0,764.0,1.0
6947.23,5266.6,-2135.18,59.0,346.0,0.0
2438.85,49.5409,-639.0,6.0,5.0,0.0
7341.05,4174.88,-2237.15,71.0,249.0,1.0
7843.44,4572.27,-2754.39,27.0,271.0,1.0
18041.8,189619.0,-7539.0,54.0,6862.0,0.0
9165.55,28739.7,-3461.06,32.0,1626.0,1.0
9520.68,28716.0,-6073.0,25.0,1310.0,0.0
7988.83,10083.0,-2383.53,21.0,621.0,1.0
10707.2,37959.2,-4209.09,117.0,1751.0,0.0
7698.59,8160.42,-1600.0,17.0,453.0,1.0
5599.02,3829.18,-1850.0,12.0,205.0,0.0
4797.59,4127.65,-1368.05,9.0,340.0,0.0
7810.49,9293.76,-2805.46,20.0,554.0,0.0
14123.6,96190.7,-5660.23,46.0,4249.0,1.0
13897.5,51278.3,-4120.0,62.0,2464.0,0.0
16006.5,173432.0,-5470.0,93.0,6746.0,0.0
9877.07,31100.9,-3196.81,117.0,1747.0,0.0
5686.6,7643.18,-1804.92,69.0,457.0,0.0
10727.3,39252.8,-3776.51,37.0,2118.0,1.0
9581.91,56722.0,-4688.0,31.0,2893.0,1.0
5816.58,7053.61,-1646.18,48.0,545.0,1.0
5023.15,4068.27,-1329.69,11.0,340.0,0.0
5230.13,2876.43,-1202.58,55.0,224.0,0.0
4818.35,5866.36,-1833.48,36.0,459.0,0.0
6795.8,12570.1,-1849.35,12.0,765.0,0.0
15908.2,160976.0,-8044.87,70.0,6744.0,0.0
12823.3,28831.0,-4290.0,25.0,1313.0,1.0
15422.8,150347.0,-8133.0,197.0,5644.0,0.0
13244.3,77173.6,-6861.68,102.0,3466.0,0.0
9607.12,16666.7,-3774.32,85.0,973.0,0.0
3852.5,1455.42,-965.416,39.0,133.0,0.0
9730.09,22845.0,-3462.0,39.0,1025.0,1.0
5039.24,2805.51,-1186.3,47.0,224.0,0.0
8538.34,13503.1,-2533.81,19.0,806.0,1.0
11254.4,43140.8,-2140.0,68.0,2059.0,1.0
9695.09,22086.6,-3921.21,43.0,1313.0,0.0
8558.66,10569.0,-3857.0,42.0,551.0,0.0
13920.2,123316.0,-6761.0,28.0,5637.0,0.0
14922.1,81226.0,-7080.23,67.0,3466.0,0.0
13682.6,98485.8,-5322.32,131.0,4061.0,1.0
17483.2,161165.0,-12100.0,74.0,6290.0,0.0
4600.17,2622.0,-1442.0,5.0,184.0,0.0
21471.9,410665.0,-9050.0,61.0,14125.0,0.0
15076.9,170106.0,-3700.0,79.0,6746.0,0.0
10700.0,51211.5,-4538.91,119.0,2534.0,1.0
24057.2,280260.0,-11800.0,84.0,8870.0,0.0
12802.0,60589.9,-4530.0,36.0,2754.0,1.0
13087.2,66617.0,-5922.0,176.0,3057.0,0.0
7092.6,13807.7,-2382.72,96.0,809.0,0.0
15379.6,129045.0,-6456.0,65.0,4818.0,0.0
7200.21,13934.3,-2364.91,87.0,809.0,0.0
13674.3,47627.6,-5664.75,56.0,2061.0,1.0
14556.7,100694.0,-1960.0,44.0,3450.0,0.0
9966.66,28839.1,-2240.0,46.0,1414.0,1.0
5070.76,2880.15,-1235.61,54.0,224.0,0.0
7501.35,15490.6,-2572.35,59.0,970.0,1.0
5177.35,2995.31,-1199.06,36.0,205.0,0.0
6692.49,7268.04,-2340.0,164.0,486.0,1.0
7987.96,9310.45,-1703.1,56.0,517.0,1.0
5554.86,6240.64,-1720.0,131.0,486.0,0.0
15257.9,127483.0,-10062.0,46.0,5417.0,0.0
14274.1,69363.1,-4410.0,66.0,2192.0,1.0
8545.76,15478.0,-3906.0,24.0,894.0,0.0
10091.7,17025.3,-3675.96,76.0,973.0,0.0
14605.0,79443.5,-7371.13,70.0,3466.0,0.0
7101.88,10461.0,-2470.0,20.0,689.0,0.0
12949.7,143252.0,-5840.0,59.0,5844.0,1.0
11716.8,61673.8,-4446.68,127.0,2672.0,1.0
7022.91,14037.9,-2199.52,94.0,809.0,0.0
21624.9,204857.0,-5170.0,93.0,6746.0,0.0
14708.8,110617.0,-8910.0,54.0,4619.0,1.0
13092.8,46209.3,-5719.63,59.0,2061.0,1.0
9465.64,29071.2,-2230.0,29.0,1364.0,1.0
22239.1,411642.0,-8320.0,59.0,14125.0,0.0
13021.2,41398.1,-2200.0,45.0,1581.0,0.0
5313.28,4583.58,-1280.0,21.0,343.0,0.0
10036.4,34693.7,-3398.37,78.0,1922.0,1.0
7796.79,12846.8,-2813.52,15.0,806.0,1.0
9543.74,30828.8,-3128.2,91.0,1747.0,0.0
12632.6,54676.6,-4380.0,64.0,2192.0,1.0
3771.15,668.0,-1399.0,8.0,53.0,0.0
13355.7,80105.9,-4350.0,57.0,3539.0,1.0
9499.44,39109.5,-2420.0,20.0,1885.0,0.0
9743.23,12305.6,-2279.5,81.0,619.0,1.0
21041.9,184844.0,-8980.0,90.0,5537.0,0.0
4911.5,2981.46,-1271.29,49.0,224.0,0.0
10479.3,40602.2,-3350.0,13.0,1885.0,0.0
8915.22,17248.4,-4263.46,35.0,931.0,0.0
11533.2,33933.1,-2600.0,31.0,1581.0,0.0
4138.94,2283.54,-934.9060000000001,45.0,132.0,0.0
9502.33,25699.1,-3325.66,32.0,1415.0,1.0
9241.18,36781.6,-4370.0,35.0,1997.0,1.0
6290.16,10368.1,-3160.0,13.0,689.0,0.0
10154.8,34560.4,-3473.55,89.0,1922.0,1.0
13161.7,58557.6,-2120.0,38.0,2822.0,1.0
10478.7,10324.4,-1800.0,37.0,587.0,0.0
5640.78,4413.23,-961.0,17.0,292.0,0.0
11303.2,55690.4,-2400.0,67.0,2192.0,1.0
14849.1,143015.0,-3520.0,61.0,5844.0,1.0
9515.05,25774.2,-3361.88,35.0,1415.0,1.0
6885.42,14235.9,-2441.98,84.0,809.0,0.0
5927.07,4325.65,-1183.91,18.0,340.0,0.0
10936.9,57399.9,-4090.0,49.0,2822.0,0.0
14036.3,59502.0,-6391.0,53.0,2133.0,0.0
6951.66,14271.7,-2380.2,82.0,809.0,0.0
13014.8,50367.0,-3780.0,101.0,2264.0,0.0
12162.2,50124.6,-4180.0,55.0,2188.0,1.0
11619.2,112800.0,-3030.0,51.0,4905.0,0.0
14411.8,195288.0,-7228.0,87.0,7578.0,0.0
12558.8,45335.8,-2740.0,38.0,2059.0,0.0
18857.5,184122.0,-6999.0,229.0,6991.0,0.0
7092.56,9274.33,-3125.21,17.0,554.0,0.0
5356.34,4458.23,-814.0,15.0,292.0,0.0
18540.5,160342.0,-10000.0,89.0,6290.0,1.0
11321.8,69166.8,-5343.24,147.0,3373.0,0.0
11020.6,35953.0,-4783.0,82.0,1582.0,0.0
11664.5,41308.2,-3676.48,33.0,2118.0,1.0
37483.9,1332080.0,-21065.0,161.0,35169.0,0.0
5438.21,7096.74,-1595.96,45.0,545.0,1.0
13205.5,65903.0,-6694.0,52.0,2830.0,0.0
12284.5,113801.0,-3370.0,48.0,4905.0,0.0
6932.51,5271.79,-2169.39,64.0,346.0,0.0
3674.22,2222.89,-574.964,11.0,161.0,0.0
5564.39,3326.0,-1675.0,13.0,248.0,0.0
9570.78,35759.0,-4763.0,108.0,1750.0,1.0
26981.5,546959.0,-14699.0,114.0,15694.0,0.0
12755.7,60122.2,-5510.0,32.0,2754.0,0.0
8552.74,13782.6,-2947.73,20.0,729.0,1.0
7939.39,10905.9,-3364.89,33.0,654.0,1.0
5380.23,4353.82,-1277.61,15.0,340.0,0.0
14049.6,52680.5,-5926.38,55.0,2334.0,1.0
11676.8,56515.0,-5334.0,160.0,2539.0,0.0
10381.1,38923.0,-4144.03,26.0,2118.0,1.0
2469.0,57.44,-516.0,13.0,5.0,0.0
9998.16,26538.1,-3270.87,27.0,1415.0,1.0
8487.57,12080.0,-2776.55,17.0,729.0,0.0
5811.48,11240.4,-2112.8,24.0,764.0,1.0
5829.34,11123.6,-1842.1,17.0,764.0,1.0
8899.37,11286.2,-3095.39,49.0,654.0,1.0
12645.7,75963.4,-5533.48,47.0,3211.0,1.0
5939.43,7098.13,-1569.28,35.0,545.0,1.0
9820.94,10516.1,-1730.0,34.0,587.0,0.0
8029.09,9560.01,-2797.38,20.0,554.0,1.0
14747.5,86891.0,-3507.0,49.0,3221.0,0.0
9070.1,11704.5,-2734.48,91.0,619.0,1.0
10703.5,10140.8,-1630.0,34.0,587.0,0.0
5140.43,4220.37,-1150.0,19.0,292.0,0.0
7523.99,15517.0,-4068.0,82.0,929.0,0.0
12283.0,57825.7,-3520.0,41.0,2192.0,1.0
23119.4,418518.0,-10674.0,80.0,13141.0,0.0
19932.7,255619.0,-13900.0,79.0,8870.0,0.0
7022.37,20205.0,-3586.0,66.0,1163.0,0.0
8523.8,26064.7,-3130.0,29.0,1364.0,0.0
24600.3,258737.0,-9420.0,85.0,8870.0,0.0
22448.9,413592.0,-7340.0,61.0,14125.0,0.0
12776.4,57548.5,-2650.0,45.0,2822.0,1.0
9224.31,28017.1,-3410.0,29.0,1521.0,1.0
20528.8,164058.0,-8560.0,100.0,6290.0,0.0
7007.92,15216.0,-3321.0,39.0,928.0,0.0
12637.1,70489.0,-5553.55,39.0,3211.0,0.0
17318.1,321115.0,-9575.0,60.0,12186.0,0.0
18897.0,160331.0,37900.0,83.0,6290.0,0.0
14074.8,69087.2,-3000.0,65.0,2192.0,1.0
5281.75,4157.46,-1241.92,29.0,340.0,0.0
8736.52,12167.6,-2757.77,97.0,619.0,0.0
22393.0,285630.0,-9757.66,68.0,9276.0,0.0
13203.7,69333.2,-4348.41,108.0,3373.0,0.0
21534.6,231460.0,-4190.0,89.0,8350.0,0.0
13467.4,142109.0,-6157.38,151.0,6057.0,1.0
20324.6,231044.0,-8560.0,115.0,8350.0,0.0
16741.2,61336.0,-7568.0,57.0,2329.0,0.0
9594.45,27193.6,-2852.62,90.0,1403.0,1.0
5128.68,3000.12,-1209.4,42.0,224.0,0.0
11414.7,84971.7,-2070.0,24.0,3450.0,0.0
4164.45,2247.24,-1071.64,20.0,165.0,0.0
9985.68,22761.0,-4602.0,42.0,1212.0,0.0
24262.8,475809.0,-12100.0,60.0,15505.0,0.0
8263.64,16430.7,-2773.27,77.0,844.0,0.0
16142.2,145346.0,-3490.0,53.0,5844.0,1.0
9846.62,27157.5,-2759.36,99.0,1403.0,1.0
11273.3,53676.0,-4533.25,106.0,2534.0,1.0
8010.09,12921.6,-2478.49,24.0,806.0,1.0
10978.4,39827.6,-3924.89,32.0,2118.0,1.0
7645.96,9489.49,-3066.52,95.0,490.0,0.0
6721.45,4994.07,-2134.18,71.0,346.0,0.0
7629.46,12650.0,-3142.0,18.0,733.0,1.0
11317.3,45557.0,-5057.0,34.0,1633.0,0.0
6843.42,13963.9,-2390.98,89.0,809.0,0.0
20627.0,171233.0,-9470.0,86.0,5537.0,0.0
12261.1,71106.5,-5635.92,51.0,3211.0,0.0
9078.51,23430.0,-5937.0,75.0,1264.0,0.0
6853.27,9145.91,-2962.84,22.0,554.0,0.0
6872.85,4037.5,-2244.01,67.0,249.0,1.0
13676.7,99194.0,-8587.0,48.0,4061.0,0.0
17280.1,160690.0,-10900.0,77.0,6290.0,1.0
7752.55,26111.5,-2980.7,93.0,1521.0,1.0
12223.5,50867.2,-4990.0,37.0,2464.0,0.0
11383.6,37936.4,-1600.0,37.0,1414.0,0.0
13155.2,60447.3,-5080.0,36.0,2754.0,0.0
5864.34,7232.32,-1646.52,50.0,545.0,1.0
24649.9,479361.0,-12300.0,53.0,15505.0,0.0
8819.11,11437.6,-3069.5,44.0,654.0,1.0
5271.62,4282.38,-1040.0,9.0,317.0,0.0
10964.3,39742.9,-3932.13,26.0,2118.0,1.0
10350.5,32061.0,-5004.0,77.0,1466.0,0.0
9608.71,26219.8,-3363.29,38.0,1415.0,1.0
13429.1,53782.9,-511.224,84.0,2534.0,0.0
8700.53,11232.4,-3102.63,37.0,654.0,1.0
14207.1,50389.4,-2610.0,43.0,2464.0,0.0
8276.14,25338.7,-3191.52,35.0,1519.0,0.0
5814.6,11133.1,-1958.78,25.0,764.0,1.0
8827.49,16902.6,-4028.75,67.0,973.0,0.0
7712.24,13719.0,-3258.0,59.0,692.0,0.0
24600.0,278618.0,-11700.0,71.0,8870.0,1.0
5662.5,6699.0,-2874.0,30.0,456.0,0.0
23406.5,519808.0,-11366.0,122.0,18067.0,1.0
12015.8,37813.8,-467.0,33.0,1111.0,1.0
13332.1,52080.1,-3990.0,38.0,2464.0,0.0
15638.1,84409.0,-6999.0,59.0,3468.0,0.0
15845.1,111665.0,-7230.0,47.0,4619.0,1.0
13771.1,143816.0,-5771.46,160.0,6057.0,1.0
15298.0,108992.0,-6380.0,47.0,4619.0,1.0
6065.01,7633.88,-1757.47,75.0,457.0,0.0
10676.1,21116.0,-5247.0,47.0,1165.0,0.0
10688.6,57904.3,-4439.24,144.0,2904.0,0.0
9373.97,17398.6,-2643.21,78.0,844.0,1.0
7279.61,4143.55,-2296.5,65.0,249.0,1.0
4254.47,670.0,-1307.0,4.0,63.0,0.0
5302.44,4724.67,-743.0,5.0,317.0,0.0
9761.88,39991.1,-2818.7,66.0,2181.0,0.0
11926.4,59075.2,-2480.0,65.0,2822.0,1.0
8536.43,9470.7,-2953.96,100.0,490.0,1.0
27786.2,622142.0,-12100.0,112.0,16234.0,0.0
10340.6,38910.0,-3988.31,27.0,2118.0,1.0
9116.18,27139.0,-5348.0,19.0,1418.0,0.0
9052.34,11701.3,-3094.37,35.0,654.0,1.0
6668.29,13663.3,-1590.55,18.0,804.0,0.0
2264.19,52.2585,-514.0,96.0,5.0,0.0
18142.6,161032.0,-9870.0,93.0,6290.0,1.0
14064.9,86498.0,-7110.0,38.0,3800.0,0.0
17836.1,230479.0,-9034.0,205.0,8212.0,0.0
4467.21,1369.0,-1350.0,14.0,87.0,0.0
9792.0,32340.9,-3404.56,88.0,1922.0,1.0
4889.51,4479.87,-1090.0,24.0,343.0,0.0
10037.8,54932.6,-4620.0,54.0,2754.0,0.0
6248.29,10725.0,-1529.0,22.0,617.0,1.0
16592.4,117701.0,-4610.0,69.0,4426.0,0.0
9408.57,29721.0,-3886.0,14.0,1160.0,0.0
10469.6,22938.0,-4595.0,39.0,1113.0,0.0
5245.38,4512.69,-644.0,9.0,317.0,0.0
22043.5,236918.0,-6127.0,55.0,4631.0,0.0
2520.77,51.2206,-562.0,13.0,5.0,0.0
11126.6,90190.5,-7430.0,57.0,3885.0,0.0
9124.6,13700.2,-2899.21,15.0,729.0,1.0
6960.53,5759.46,-1770.0,16.0,292.0,0.0
15463.7,151524.0,-5042.0,43.0,6067.0,0.0
8712.11,12270.2,-2629.18,85.0,619.0,0.0
5625.2,6671.0,-1869.0,16.0,485.0,1.0
13137.4,60183.3,-4900.0,28.0,2754.0,0.0
9422.15,25874.9,-3336.73,28.0,1415.0,1.0
9762.44,25925.6,-3354.13,26.0,1415.0,1.0
8595.73,11162.4,-3055.75,35.0,654.0,1.0
9020.1,30287.6,-3349.49,122.0,1747.0,0.0
13036.9,60446.9,-4910.0,25.0,2754.0,0.0
7649.68,4720.45,-2763.58,29.0,271.0,1.0
11153.7,32435.3,-4269.0,117.0,1692.0,1.0
12750.0,49277.9,-4500.0,32.0,2464.0,1.0
8867.48,12089.5,-2694.75,81.0,619.0,0.0
9737.19,9761.0,-2979.0,21.0,585.0,0.0
10080.4,21030.8,-3309.42,81.0,1162.0,1.0
14031.5,92434.0,-5909.0,72.0,3796.0,0.0
8419.01,4754.49,-2634.73,25.0,271.0,1.0
8914.25,20500.3,-3335.3,84.0,1162.0,1.0
5108.53,1806.12,-1496.04,18.0,147.0,0.0
6977.83,4124.0,-3333.0,47.0,292.0,0.0
8828.21,13132.1,-2513.93,16.0,806.0,1.0
5805.36,11283.7,-1908.66,17.0,764.0,1.0
22559.3,515535.0,-11551.2,150.0,18067.0,1.0
11109.6,35082.0,-8347.0,156.0,1586.0,0.0
14371.9,125012.0,-8123.0,36.0,5115.0,0.0
7086.25,14210.8,-2419.21,88.0,809.0,0.0
11586.9,39319.3,-3586.58,35.0,2118.0,1.0
2598.31,52.1738,190.0,92.0,5.0,0.0
12182.5,39100.1,-3534.78,98.0,1875.0,1.0
18063.7,197087.0,-8520.0,43.0,7459.0,0.0
5359.36,4415.19,-962.0,17.0,292.0,0.0
8894.15,29210.6,-3409.38,36.0,1626.0,0.0
17941.1,161364.0,-10100.0,75.0,6290.0,1.0
10686.3,43507.0,-4075.0,98.0,1993.0,1.0
6142.8,11285.6,-1846.01,20.0,764.0,1.0
15115.1,80707.2,-1440.0,69.0,2059.0,0.0
5213.6,4223.87,-1530.0,13.0,292.0,0.0
9505.62,30552.1,-3186.14,108.0,1747.0,0.0
11870.6,75348.3,-4770.0,41.0,3217.0,0.0
16203.5,81612.0,-9219.0,200.0,2744.0,0.0
10525.7,37992.0,-4248.61,111.0,1751.0,0.0
9424.24,27295.7,-2859.65,97.0,1403.0,1.0
7569.59,5681.01,-1950.0,16.0,292.0,0.0
3938.29,2182.71,-1149.73,20.0,165.0,0.0
11524.3,60313.5,-4254.94,129.0,2904.0,1.0
9664.45,36639.0,-3830.0,33.0,1997.0,1.0
5940.74,11264.8,-1929.31,23.0,764.0,1.0
7386.69,10115.6,-2566.18,10.0,621.0,0.0
7480.3,9556.16,-2481.94,14.0,621.0,0.0
20911.5,163006.0,-8730.0,93.0,5537.0,0.0
14416.4,130714.0,-7885.0,66.0,5736.0,0.0
2640.44,50.7964,-526.0,6.0,5.0,0.0
7829.81,12871.1,-2740.65,16.0,806.0,1.0
10425.1,22165.0,-2010.0,36.0,1212.0,0.0
8002.54,7614.94,-555.0,148.0,486.0,1.0
7722.56,9097.98,-1500.0,23.0,516.0,1.0
4157.42,1947.5,-1067.47,6.0,166.0,0.0
14768.0,79585.3,-6997.85,67.0,3466.0,0.0
3980.51,1297.52,-775.677,17.0,102.0,0.0
9194.44,27389.0,-6811.0,66.0,1470.0,0.0
9826.21,49116.5,-4860.0,27.0,2677.0,1.0
8751.45,11476.9,-3072.78,43.0,654.0,1.0
13495.3,132598.0,-7927.0,218.0,5529.0,0.0
5779.34,11043.6,-1930.41,18.0,764.0,1.0
9579.54,39916.1,-2610.0,11.0,1885.0,0.0
12492.7,57913.7,-2450.0,60.0,2822.0,1.0
19717.6,411457.0,-10800.0,66.0,14125.0,0.0
14865.6,58251.6,-4730.0,34.0,2188.0,0.0
10059.6,48255.1,-5220.0,22.0,2677.0,0.0
6486.51,6004.0,-2014.0,11.0,342.0,0.0
13931.0,51354.5,-3980.0,35.0,2464.0,0.0
6858.25,5327.93,-1660.0,9.0,292.0,0.0
9872.46,26670.5,-2851.62,96.0,1403.0,1.0
5189.83,4370.62,-1490.0,20.0,343.0,0.0
9254.47,14251.0,-2765.26,10.0,729.0,1.0
9222.12,23266.9,-505.0,12.0,1111.0,1.0
30791.5,611153.0,-16422.0,100.0,17713.0,0.0
10235.6,90593.0,-4532.0,17.0,4144.0,0.0
10306.7,18710.0,-6895.0,121.0,938.0,0.0
12082.6,50856.3,-6100.0,41.0,2464.0,0.0
9244.27,25781.5,-3376.1,29.0,1415.0,1.0
14875.5,103595.0,-7308.0,47.0,4251.0,0.0
13337.2,93466.3,-4370.0,69.0,3885.0,0.0
10463.1,34473.0,-4213.41,136.0,1691.0,1.0
9753.68,28589.0,-7243.0,24.0,1578.0,0.0
10140.8,36075.0,-3985.0,28.0,1641.0,1.0
15286.7,123064.0,-8862.0,67.0,4923.0,0.0
5291.28,4374.64,-1290.08,11.0,340.0,0.0
19108.2,161068.0,-7580.0,86.0,6290.0,0.0
10111.0,35141.1,-4380.18,115.0,1691.0,1.0
12387.8,53155.8,-4640.0,31.0,2677.0,0.0
7540.51,8978.42,-1843.03,70.0,517.0,0.0
4272.6,1939.03,-1049.83,5.0,166.0,0.0
13878.2,147429.0,-6207.86,171.0,6057.0,1.0
8962.29,16938.0,-2712.84,82.0,844.0,1.0
9510.65,26312.0,-3343.94,33.0,1415.0,1.0
8831.46,26897.3,-3012.05,93.0,1403.0,1.0
10107.9,30608.5,-3106.59,117.0,1747.0,0.0
9800.93,32580.9,-3524.82,95.0,1922.0,1.0
7248.75,15522.2,-2646.81,64.0,970.0,1.0
8735.63,28082.3,-2630.0,28.0,1414.0,1.0
9504.96,12630.1,-2512.83,88.0,619.0,1.0
16375.7,91296.0,-6837.0,70.0,3140.0,0.0
7654.51,17279.0,-2452.0,21.0,1020.0,1.0
24089.1,262192.0,-12000.0,87.0,8870.0,0.0
26071.4,255509.0,-7480.0,94.0,8350.0,0.0
14051.0,240480.0,-3984.0,55.0,10216.0,0.0
8609.28,10899.6,-3095.48,29.0,654.0,1.0
11524.9,61322.0,-4701.0,80.0,2671.0,1.0
8931.75,12165.9,-2717.56,98.0,619.0,1.0
7382.44,8784.29,-2015.32,73.0,517.0,0.0
9602.05,38049.9,-3746.45,45.0,2054.0,0.0
7456.61,5575.89,-1430.0,17.0,292.0,0.0
9472.19,30190.5,-3358.21,126.0,1747.0,0.0
9329.76,17087.5,-3916.6,76.0,973.0,0.0
14246.2,92503.3,-4620.0,55.0,3885.0,1.0
2305.65,49.5873,-408.0,13.0,5.0,0.0
11917.5,75255.2,-5430.0,49.0,3217.0,0.0
9441.06,34282.3,-4578.55,125.0,1691.0,1.0
8852.32,28802.5,-3436.07,35.0,1626.0,1.0
8395.77,19475.7,-209.0,21.0,973.0,0.0
4627.17,2807.92,-1256.75,32.0,224.0,0.0
18715.1,161535.0,-8660.0,90.0,6290.0,1.0
9606.91,26544.1,-2440.0,13.0,1414.0,1.0
8985.38,51208.7,-3610.0,34.0,2599.0,0.0
6003.43,6181.0,-4011.0,17.0,429.0,0.0
7671.35,11229.0,-2591.0,1.0,267.0,0.0
4825.41,1690.0,-1032.0,20.0,149.0,0.0
10085.4,34499.5,-3560.29,85.0,1922.0,1.0
12416.7,63494.0,-4503.0,167.0,2530.0,1.0
7588.46,4175.55,-1600.0,29.0,205.0,1.0
7106.28,8451.87,-1857.13,74.0,517.0,0.0
7454.08,13761.6,-2360.4,89.0,809.0,0.0
12347.7,112679.0,-3250.0,40.0,4905.0,0.0
10034.5,35151.5,-4419.78,124.0,1691.0,1.0
8388.76,26208.0,-3130.0,35.0,1364.0,0.0
4146.91,2671.34,-1414.45,35.0,224.0,1.0
9486.06,38099.0,-3771.09,39.0,2054.0,0.0
18042.4,122935.0,-7823.0,74.0,4349.0,0.0
17533.3,145248.0,-5170.0,94.0,5537.0,1.0
11371.5,49705.1,-4810.0,19.0,2677.0,0.0
8655.89,11478.0,-3124.55,36.0,654.0,1.0
10753.9,28596.7,-2750.0,19.0,1521.0,1.0
7788.48,8841.0,-2687.0,56.0,550.0,0.0
14082.2,87127.0,-8126.0,67.0,3803.0,0.0
8828.33,25795.7,-3090.83,33.0,1519.0,0.0
5201.77,3477.88,-824.164,49.0,132.0,0.0
11622.3,56288.0,-5022.0,48.0,2461.0,0.0
8830.61,11279.0,-3119.02,40.0,654.0,1.0
7842.01,12857.4,-2806.85,15.0,806.0,1.0
10130.5,28282.0,-2540.0,26.0,1414.0,1.0
14718.2,134636.0,-8450.0,44.0,4925.0,0.0
13563.0,95178.0,-7155.0,207.0,3883.0,0.0
10723.0,85691.6,-2820.0,19.0,3450.0,0.0
9419.29,34331.3,-3575.05,84.0,1922.0,1.0
9558.24,20458.5,-3296.78,90.0,1162.0,1.0
8890.69,28084.7,-1850.0,23.0,1364.0,1.0
15848.7,119511.0,-4450.0,57.0,4426.0,1.0
11204.4,43904.3,-2550.0,23.0,1885.0,1.0
9560.52,38209.5,-3754.59,34.0,2054.0,0.0
5110.65,4062.32,-1279.76,9.0,340.0,0.0
13202.7,51918.6,-6078.72,54.0,2334.0,1.0
4365.09,1962.4,-1076.09,6.0,166.0,0.0
2776.54,1280.02,-713.2260000000001,32.0,100.0,0.0
5233.18,4161.48,-1340.0,9.0,317.0,0.0
5984.86,4684.18,-1010.0,22.0,343.0,0.0
12194.5,78899.0,-6759.0,204.0,3876.0,0.0
10645.9,26665.6,-866.4760000000001,0.0,1403.0,1.0
14230.8,109583.0,-6530.0,46.0,4619.0,1.0
19406.4,182632.0,-5475.0,103.0,5327.0,0.0
8256.84,37655.4,-1970.0,11.0,1885.0,0.0
8870.19,11516.4,-3045.66,38.0,654.0,1.0
9970.82,10564.7,-1830.0,37.0,587.0,0.0
24854.1,475230.0,-2930.0,55.0,15505.0,0.0
10950.6,69097.6,-5315.89,144.0,3373.0,0.0
10983.5,62438.1,-5739.1,41.0,3058.0,0.0
6353.52,5173.9,-2226.34,53.0,346.0,0.0
9565.54,29934.8,-2728.17,82.0,1521.0,0.0
6904.86,13613.1,-1548.68,21.0,804.0,0.0
6162.4,7403.12,-1626.62,50.0,545.0,0.0
22335.5,236051.0,-9380.0,93.0,8350.0,0.0
2478.68,51.0363,-559.0,6.0,5.0,0.0
5670.86,7186.74,-1624.5,52.0,545.0,1.0
9873.69,34804.4,-4416.26,120.0,1691.0,1.0
24311.6,476713.0,-7720.0,49.0,15505.0,0.0
6773.23,13581.5,-1541.18,13.0,804.0,0.0
8563.44,11232.1,-3194.73,29.0,654.0,1.0
15343.8,63836.7,-5210.0,37.0,2188.0,0.0
12872.7,51041.5,-4280.0,31.0,2464.0,0.0
6241.87,7322.26,-1558.11,52.0,545.0,1.0
10911.4,31797.8,-2740.0,22.0,1414.0,1.0
14325.1,52278.0,-5580.7,69.0,2334.0,0.0
8833.41,25593.0,-5187.0,35.0,1468.0,0.0
8066.26,27280.7,-2907.63,86.0,1521.0,1.0
8540.49,11968.5,-2556.7,87.0,693.0,0.0
2361.95,47.4192,-460.0,8.0,5.0,0.0
4071.64,2203.91,-1001.46,19.0,165.0,0.0
25014.5,287781.0,-9070.0,98.0,8350.0,0.0
10990.9,85233.2,-2890.0,21.0,3450.0,0.0
11307.3,39669.5,-3823.78,64.0,2118.0,1.0
5411.35,4784.9,-1890.0,22.0,343.0,0.0
12635.2,90676.4,-5460.0,53.0,3885.0,0.0
5430.04,4312.11,-1251.59,22.0,340.0,0.0
12338.5,115933.0,-1690.0,42.0,4905.0,0.0
7709.41,18841.0,-3490.0,14.0,1110.0,0.0
17102.5,112744.0,-5840.0,45.0,4619.0,1.0
10588.0,37958.5,-3928.17,99.0,1751.0,0.0
13435.9,52822.5,-6288.95,55.0,2334.0,1.0
10892.0,57433.6,-4586.52,124.0,2904.0,0.0
13674.1,78758.8,-5382.44,40.0,3211.0,1.0
6272.35,5774.0,-1963.0,62.0,399.0,0.0
8640.4,20537.0,-3431.17,88.0,1162.0,1.0
18314.0,162158.0,-11300.0,81.0,6290.0,1.0
10740.2,24244.0,-1070.0,28.0,1111.0,0.0
17196.9,111935.0,-6330.0,40.0,4619.0,1.0
6267.18,7350.97,-1622.71,54.0,545.0,1.0
8263.19,11166.5,-3257.53,25.0,654.0,1.0
5489.16,4243.03,-1266.6,20.0,340.0,0.0
9072.83,17185.7,-4270.5,36.0,931.0,0.0
11334.7,68794.6,-5181.19,139.0,3373.0,0.0
18630.6,175573.0,-4810.0,72.0,6746.0,1.0
9466.99,11375.0,-2667.0,24.0,552.0,1.0
9284.72,12202.1,-2602.82,87.0,619.0,1.0
5410.99,4273.35,-1750.0,21.0,343.0,0.0
15245.4,60940.2,-5360.0,39.0,2188.0,1.0
11212.7,51486.3,-4554.61,110.0,2534.0,1.0
11395.8,113564.0,-4400.0,43.0,4905.0,0.0
8962.57,47328.0,-4050.0,28.0,2677.0,0.0
4081.79,1452.12,-882.1160000000001,31.0,133.0,0.0
6842.81,5096.65,-1960.0,16.0,292.0,0.0
8976.78,28716.7,-1990.0,35.0,1364.0,1.0
13888.1,52309.0,-5646.8,73.0,2334.0,0.0
5977.22,5099.5,-1040.0,17.0,343.0,0.0
7273.63,4157.36,-2281.3,69.0,249.0,1.0
9578.5,16687.0,-3828.21,87.0,973.0,0.0
7158.81,9436.53,-3453.2,16.0,554.0,0.0
11181.0,39812.7,-3867.35,29.0,2118.0,1.0
9749.64,26191.5,-3412.92,25.0,1415.0,1.0
13252.3,80287.2,-6740.0,59.0,3539.0,1.0
2433.57,49.3236,-453.0,8.0,5.0,0.0
11122.7,61048.0,-6282.0,12.0,2325.0,0.0
5367.57,10873.8,-2077.51,26.0,764.0,1.0
25895.3,345730.0,-16247.0,189.0,10404.0,0.0
22269.7,462388.0,-9009.0,89.0,12658.0,0.0
11967.3,19113.0,-1240.0,33.0,772.0,0.0
9918.38,41130.0,-4655.0,24.0,1412.0,0.0
9910.0,35151.4,-4456.41,129.0,1691.0,1.0
3857.09,2158.04,-1091.45,20.0,165.0,0.0
8411.67,12220.0,-2397.13,80.0,693.0,0.0
12881.9,75372.0,-5554.06,47.0,3211.0,1.0
24608.2,239187.0,-10100.0,96.0,8350.0,0.0
4894.36,3492.81,-913.578,49.0,132.0,0.0
6938.7,6583.0,-3054.0,28.0,430.0,0.0
9315.54,26206.7,-3469.2,23.0,1415.0,1.0
12821.3,63236.4,-1050.0,67.0,2822.0,0.0
8723.49,12321.2,-2715.4,66.0,619.0,0.0
6098.65,2160.11,-1410.73,14.0,185.0,1.0
12120.8,71581.3,-5767.48,26.0,3211.0,0.0
9279.78,37955.0,-3711.96,50.0,2054.0,0.0
23836.8,377134.0,-7360.0,122.0,11563.0,0.0
2579.68,53.2692,-487.0,6.0,5.0,0.0
7785.22,12910.8,-2764.07,20.0,806.0,1.0
7297.08,9230.0,-2616.0,21.0,522.0,0.0
22538.5,515854.0,-11626.0,146.0,18067.0,1.0
13697.2,141006.0,-5010.0,53.0,5844.0,0.0
10398.7,31181.0,-4022.0,57.0,1581.0,0.0
10367.6,35268.7,-4408.82,126.0,1691.0,1.0
8690.52,11163.0,-3200.64,48.0,654.0,1.0
6016.71,5795.0,-312.0,17.0,396.0,0.0
18577.3,160922.0,-3690.0,85.0,6290.0,0.0
11415.1,53379.0,-6903.0,114.0,2607.0,0.0
13921.5,63931.0,-2500.0,40.0,2822.0,1.0
10320.0,35123.2,-4472.45,125.0,1691.0,1.0
4173.59,1953.99,-1118.72,7.0,166.0,0.0
14242.3,139741.0,502.0,35.0,5844.0,0.0
9846.99,39135.9,-3653.29,45.0,2054.0,1.0
9152.42,20700.1,-3490.95,92.0,1162.0,1.0
8008.15,12458.0,-3366.0,24.0,695.0,0.0
9117.92,16567.0,-3983.67,80.0,973.0,0.0
13972.8,59982.5,-5500.0,21.0,2188.0,0.0
16734.1,174094.0,-11808.0,105.0,6866.0,0.0
7547.22,8810.43,-768.0,27.0,516.0,1.0
11868.5,55331.0,-5446.0,37.0,2390.0,0.0
15671.5,192036.0,-9131.0,104.0,7097.0,0.0
14865.2,143234.0,-10126.0,249.0,5954.0,0.0
20291.8,156835.0,-9290.0,78.0,5537.0,0.0
5370.49,4013.44,-2300.0,20.0,292.0,0.0
9078.38,51146.8,-3160.0,31.0,2599.0,1.0
10384.0,62945.0,-6996.0,132.0,2892.0,0.0
9044.51,17092.9,-3923.84,81.0,973.0,0.0
15063.5,59253.5,-4210.0,37.0,2188.0,1.0
8887.73,25085.8,-3082.38,32.0,1519.0,0.0
9179.24,11777.9,-3011.55,42.0,654.0,1.0
5795.0,4549.72,-1197.51,22.0,340.0,0.0
6906.91,7826.0,-2549.0,63.0,485.0,0.0
6626.46,10442.1,-3180.0,16.0,689.0,0.0
5150.02,4408.6,-1740.0,23.0,343.0,0.0
6666.19,8357.91,-908.0,23.0,516.0,0.0
7922.74,26535.1,-3006.53,89.0,1521.0,1.0
8146.2,37918.5,-2800.0,13.0,1885.0,0.0
5974.52,7375.13,-1660.92,52.0,545.0,1.0
13232.8,42203.7,-1600.0,48.0,1581.0,1.0
8908.2,10928.5,-3081.36,37.0,654.0,1.0
11209.4,86899.5,-2510.0,12.0,3450.0,1.0
15039.6,111130.0,-9398.0,53.0,4066.0,0.0
2489.15,53.7777,-349.0,8.0,5.0,0.0
6541.69,9088.0,-2269.0,33.0,549.0,0.0
8225.52,4650.0,-3526.0,28.0,251.0,0.0
9951.83,12153.2,-2211.2,86.0,619.0,1.0
25343.3,471944.0,-11400.0,53.0,15505.0,0.0
11831.0,39620.7,-3743.22,47.0,2118.0,1.0
9264.09,26909.4,-3130.0,20.0,1414.0,1.0
23083.5,260018.0,-13400.0,63.0,8870.0,0.0
11775.9,73554.7,-3990.0,29.0,3630.0,0.0
16762.6,110541.0,-6220.0,34.0,4619.0,1.0
6614.72,4084.65,-2375.67,70.0,249.0,1.0
9039.81,20653.7,-3485.8,82.0,1162.0,1.0
22442.2,579250.0,-13452.0,36.0,18065.0,0.0
5853.13,7647.02,-1818.72,73.0,457.0,0.0
7857.9,10623.0,-4583.0,4.0,399.0,0.0
13324.1,137340.0,-5968.22,176.0,5626.0,0.0
10336.1,51695.7,-2710.0,25.0,2599.0,1.0
6172.3,11234.9,-1828.85,17.0,764.0,1.0
9293.86,13624.8,-2839.02,16.0,729.0,1.0
5761.05,11051.1,-1942.5,20.0,764.0,1.0
10399.4,37471.9,-3470.0,35.0,1997.0,1.0
9293.16,11263.4,-3046.97,33.0,654.0,1.0
9220.68,27245.7,-2977.14,84.0,1403.0,1.0
11026.7,38291.0,-3967.0,81.0,1751.0,0.0
14329.4,93364.8,-524.373,44.0,4249.0,0.0
7114.27,13807.5,-1502.59,19.0,804.0,0.0
12198.0,45319.4,-2670.0,43.0,2059.0,0.0
10353.4,39242.8,-4306.41,40.0,2118.0,1.0
9508.86,29684.6,-3396.71,34.0,1626.0,0.0
10256.8,33079.8,-870.0,30.0,1111.0,0.0
16098.0,119739.0,-5870.0,63.0,4426.0,0.0
8139.75,26376.1,-3960.0,25.0,1414.0,0.0
19721.7,153852.0,-9190.0,80.0,5537.0,0.0
6737.37,4995.12,-2148.29,58.0,346.0,0.0
8377.83,4536.49,-2635.86,37.0,271.0,1.0
2992.76,50.8788,-318.0,8.0,5.0,0.0
23536.7,280432.0,-9219.67,74.0,9276.0,0.0
23723.9,476200.0,-12700.0,81.0,15505.0,0.0
12310.4,41739.0,-5500.0,146.0,1939.0,0.0
8192.03,18163.0,-3179.0,29.0,936.0,0.0
6358.98,10252.9,-3410.0,14.0,689.0,0.0
9819.82,34410.8,-4515.51,130.0,1691.0,1.0
13452.0,46846.2,-5802.85,66.0,2061.0,1.0
11462.1,81596.0,-7597.0,38.0,3709.0,0.0
5841.71,4130.92,-1518.64,126.0,318.0,0.0
25084.4,280166.0,-10700.0,109.0,8350.0,0.0
22931.1,521069.0,-11667.7,131.0,18067.0,1.0
4590.72,2414.36,-917.289,28.0,165.0,0.0
14035.6,89880.5,-2920.0,32.0,3885.0,0.0
6455.64,5667.0,-3759.0,85.0,398.0,0.0
14791.2,74941.5,-2020.0,60.0,2822.0,0.0
11069.0,27263.1,-4174.67,41.0,1469.0,1.0
9592.67,25927.6,-3330.62,23.0,1415.0,1.0
17294.6,164645.0,-7409.85,74.0,6744.0,0.0
5327.73,4375.52,-696.0,13.0,292.0,0.0
13925.0,66674.1,-3830.0,49.0,2192.0,0.0
7776.13,9537.15,-2798.49,38.0,554.0,0.0
5378.17,4351.97,-349.0,14.0,292.0,0.0
10985.9,43205.0,-4646.0,70.0,1927.0,0.0
7516.98,9270.66,-3089.5,20.0,554.0,0.0
18563.1,274133.0,-7405.0,58.0,9003.0,0.0
9099.3,11610.2,-3012.64,30.0,654.0,1.0
14368.7,151613.0,-8315.0,59.0,6285.0,0.0
13827.2,116061.0,-1620.0,38.0,4905.0,1.0
13387.1,62956.6,-3960.0,40.0,2192.0,0.0
5145.11,4788.35,-1090.0,22.0,343.0,0.0
9228.17,54961.0,-4459.0,6.0,2311.0,0.0
9531.32,39372.8,-2680.0,23.0,1885.0,0.0
4797.75,4418.97,-1170.0,11.0,317.0,0.0
9816.1,10127.9,-2610.0,37.0,587.0,0.0
14153.1,106676.0,-5460.0,39.0,4619.0,0.0
13729.6,102502.0,-5831.38,159.0,4061.0,1.0
14025.3,70470.3,-3150.0,89.0,2192.0,0.0
15055.3,116028.0,-6660.0,74.0,4426.0,0.0
11411.0,36881.7,-2210.0,38.0,1414.0,1.0
16674.5,111149.0,-6620.0,34.0,4619.0,1.0
12324.6,143889.0,-6949.0,322.0,6285.0,0.0
11089.8,53382.3,-4159.55,38.0,2394.0,1.0
16649.0,180424.0,-10480.0,50.0,6857.0,0.0
25384.5,477802.0,-10300.0,52.0,15505.0,1.0
12709.4,50925.3,-5120.0,34.0,2464.0,0.0
10520.7,54934.6,-2020.0,27.0,2599.0,1.0
7015.24,7336.79,-1699.8,22.0,427.0,1.0
6993.39,10456.1,-3500.0,15.0,689.0,0.0
11437.3,87245.7,-3350.0,25.0,3450.0,1.0
1954.23,55.5372,-368.0,97.0,5.0,0.0
8563.69,16805.3,-2760.98,84.0,844.0,0.0
17361.0,190729.0,-8823.0,48.0,4627.0,0.0
6522.99,13642.7,-1579.21,11.0,804.0,0.0
8664.3,13479.6,-2929.17,23.0,729.0,1.0
25250.1,476462.0,-11700.0,68.0,15505.0,0.0
8257.09,9626.63,-2970.43,18.0,554.0,1.0
9828.94,25214.0,-4294.0,44.0,1313.0,0.0
5176.49,3314.51,-816.818,50.0,132.0,0.0
6706.93,10399.1,-2760.0,17.0,689.0,0.0
10761.6,33990.0,-3253.0,231.0,1262.0,0.0
15378.9,133188.0,-7190.0,98.0,5537.0,0.0
9162.38,26158.7,-3338.14,24.0,1415.0,1.0
10468.9,33879.0,-3384.98,90.0,1922.0,1.0
21498.4,410689.0,-8770.0,66.0,14125.0,0.0
15482.1,90020.0,-8011.41,189.0,3888.0,0.0
9063.67,25554.9,-3100.25,38.0,1519.0,0.0
11532.2,44871.4,-2130.0,34.0,1414.0,0.0
14574.9,141452.0,-4110.0,48.0,5844.0,0.0
5750.58,7115.45,-1678.1,54.0,545.0,1.0
7025.08,14129.2,-2420.02,80.0,809.0,0.0
6088.24,11227.2,-1904.05,24.0,764.0,1.0
7982.7,9534.39,-2893.79,94.0,490.0,0.0
4595.92,1405.77,-1613.45,12.0,147.0,0.0
7340.32,7715.43,-1650.0,20.0,453.0,1.0
5558.18,4195.34,-1509.93,120.0,318.0,0.0
9501.9,37913.1,-3709.85,50.0,2054.0,0.0
12062.9,40010.0,-2844.0,36.0,1872.0,1.0
13678.4,60300.4,-3800.0,35.0,2754.0,1.0
10863.7,50371.1,-4613.77,99.0,2534.0,0.0
13288.0,79938.5,-5250.0,42.0,3539.0,1.0
9480.94,49273.4,-5440.0,38.0,2677.0,1.0
18089.6,230148.0,-14894.0,236.0,8609.0,0.0
9833.83,17330.6,-2931.17,15.0,888.0,1.0
11392.9,67476.1,-5314.26,142.0,3373.0,0.0
9299.56,26920.8,-3715.18,37.0,1415.0,1.0
5278.07,4286.22,-1500.0,11.0,317.0,0.0
4901.94,4386.45,-1343.17,21.0,340.0,0.0
5903.49,11006.3,-1841.01,21.0,764.0,1.0
13256.7,60891.7,-5400.0,33.0,2754.0,0.0
6578.22,8636.91,-1780.0,29.0,516.0,0.0
10021.3,12111.1,-2432.92,58.0,619.0,1.0
8508.65,15811.0,-4015.0,59.0,850.0,0.0
6926.62,9119.28,-2010.0,17.0,516.0,0.0
9032.28,26819.0,-2280.0,21.0,1364.0,1.0
4890.35,2889.53,-1303.98,54.0,224.0,0.0
5042.57,4189.33,-1490.48,119.0,318.0,0.0
13183.2,100276.0,-6767.0,129.0,4533.0,0.0
9798.71,34343.8,-4452.98,126.0,1691.0,1.0
7341.04,13859.7,-2365.63,87.0,809.0,0.0
4231.95,2732.69,-1011.0,42.0,204.0,0.0
9796.62,43080.0,-3017.0,262.0,2254.0,0.0
18567.5,149157.0,-9080.0,77.0,5537.0,0.0
9028.98,11335.8,-3074.15,39.0,654.0,1.0
18917.0,160093.0,-9530.0,87.0,6290.0,1.0
9399.43,10367.0,-3923.0,34.0,584.0,0.0
5145.63,3675.37,-1862.75,47.0,269.0,0.0
5717.42,11250.0,-1907.18,22.0,764.0,1.0
13585.9,159264.0,-6412.76,55.0,5949.0,0.0
5293.63,3279.3,-1107.92,44.0,249.0,0.0
13508.3,143030.0,-5980.0,47.0,5844.0,1.0
10342.7,56691.0,-5412.0,51.0,2679.0,0.0
13006.6,70636.9,-5509.03,40.0,3211.0,0.0
13645.0,80008.2,-125.0,57.0,3539.0,0.0
13244.2,90867.7,-4580.0,41.0,3885.0,0.0
7794.26,9998.42,-2401.7,15.0,621.0,1.0
8820.92,14040.0,-3120.0,23.0,733.0,1.0
10888.2,37258.3,-4170.0,40.0,1997.0,0.0
8299.81,4742.18,-2658.51,28.0,271.0,1.0
4942.82,2909.73,-1284.48,35.0,205.0,0.0
8801.9,29049.4,-2772.77,88.0,1521.0,1.0
9238.75,20452.0,-3458.78,89.0,1162.0,1.0
13202.2,45646.3,-2490.0,43.0,2059.0,0.0
13356.6,143955.0,-7836.0,255.0,6057.0,0.0
5863.78,7857.72,-1623.28,42.0,545.0,0.0
13346.1,94766.0,-6195.0,182.0,3798.0,0.0
5327.1,4370.64,-1280.0,20.0,292.0,0.0
8418.05,12309.8,-2538.76,83.0,693.0,0.0
9222.84,14175.4,-2876.32,26.0,729.0,1.0
25886.1,278345.0,-12300.0,77.0,8870.0,0.0
14305.3,82812.7,-5260.0,52.0,3539.0,0.0
5653.71,7619.97,-1857.09,75.0,457.0,0.0
22021.4,516401.0,-11620.2,147.0,18067.0,1.0
14741.2,84575.0,-8999.0,70.0,3545.0,0.0
23562.8,259844.0,-6170.0,104.0,8350.0,0.0
2388.11,64.4002,41.5,92.0,5.0,0.0
12374.5,97867.0,-4862.0,40.0,4428.0,0.0
15007.4,95685.2,-5612.06,46.0,4249.0,1.0
3896.37,2119.65,-880.709,22.0,165.0,0.0
20309.9,291719.0,-11688.0,242.0,10978.0,0.0
8394.69,9873.86,-2364.55,12.0,621.0,1.0
12778.0,64801.0,-5552.0,29.0,2679.0,0.0
8683.72,23386.0,-4320.0,92.0,1305.0,0.0
12319.5,78852.1,-6580.0,59.0,3539.0,0.0
25813.5,288239.0,-10100.0,108.0,8350.0,0.0
8652.28,30045.3,-2068.16,27.0,1513.0,1.0
9084.73,28616.6,-3400.65,36.0,1626.0,1.0
9409.19,26958.2,-2130.0,22.0,1414.0,1.0
5501.06,4134.41,-1521.63,128.0,318.0,0.0
9222.14,13946.2,-2992.12,26.0,729.0,1.0
8480.1,9161.67,496.0,36.0,549.0,0.0
8444.75,9920.0,-2065.0,23.0,551.0,0.0
12049.5,29971.3,-2370.0,37.0,1521.0,1.0
13467.2,140607.0,-4200.0,38.0,5844.0,0.0
5648.09,7135.37,-1654.13,52.0,545.0,1.0
12431.7,71183.1,-5747.58,26.0,3211.0,0.0
7347.39,13978.0,-3121.0,24.0,765.0,0.0
13476.5,60163.0,-4640.0,28.0,2754.0,0.0
12669.6,46419.8,-5917.87,55.0,2061.0,1.0
10138.9,37821.0,-5426.0,66.0,2124.0,0.0
5176.78,4223.71,-1470.0,16.0,317.0,0.0
20728.7,341190.0,-9090.0,114.0,11563.0,0.0
7122.49,4084.05,-2321.27,71.0,249.0,1.0
11658.1,38985.4,-2150.0,31.0,1414.0,1.0
4949.02,4040.12,-1289.23,7.0,340.0,0.0
8024.39,9620.35,-3038.25,101.0,490.0,0.0
33076.4,1034590.0,-18277.0,159.0,29095.0,0.0
9514.69,39271.5,-2720.0,26.0,1885.0,0.0
20383.0,151759.0,-7160.0,76.0,5537.0,0.0
10398.1,81260.0,-4010.0,37.0,3624.0,0.0
7549.37,8996.0,-2841.0,6.0,455.0,0.0
17569.9,163647.0,-7342.67,75.0,6744.0,0.0
9346.24,17270.9,-4124.56,34.0,931.0,0.0
15676.0,116818.0,-5810.0,54.0,4426.0,0.0
4209.06,2179.4,-1036.21,20.0,165.0,0.0
15171.8,141982.0,-4920.0,65.0,5844.0,1.0
18098.8,202590.0,-7715.0,82.0,7339.0,0.0
7138.94,14072.5,-2374.99,84.0,809.0,0.0
21850.9,409304.0,-8700.0,66.0,14125.0,0.0
9978.71,38242.1,-3560.61,41.0,2054.0,1.0
12115.8,69165.3,-4883.11,131.0,3373.0,0.0
8508.57,10418.2,-2817.07,90.0,587.0,1.0
9301.52,11334.8,-2947.54,34.0,654.0,1.0
3700.38,2166.16,-562.2130000000001,3.0,161.0,0.0
6754.97,10336.7,-2790.0,16.0,689.0,0.0
14552.1,96787.5,-5630.27,56.0,4249.0,1.0
3860.48,740.0,-1710.0,6.0,64.0,0.0
15601.1,115382.0,-4970.0,54.0,4426.0,0.0
5282.28,3029.92,-1115.62,34.0,224.0,0.0
11380.0,112975.0,-3950.0,39.0,4905.0,0.0
22252.7,516222.0,-11547.8,138.0,18067.0,1.0
9058.9,27635.7,-1600.0,39.0,1414.0,1.0
9789.91,26001.1,-3325.24,27.0,1415.0,1.0
8513.96,26319.7,-2320.0,30.0,1364.0,0.0
7346.15,7311.09,-1000.0,157.0,486.0,1.0
8353.16,9894.1,-2370.49,21.0,621.0,1.0
6785.63,5142.35,-2152.91,64.0,346.0,0.0
24232.4,476340.0,-12700.0,56.0,15505.0,0.0
4253.46,1464.42,-915.4639999999999,41.0,133.0,0.0
13939.6,59278.1,-6717.38,87.0,2610.0,0.0
24964.5,473521.0,-11700.0,47.0,15505.0,0.0
10782.7,18475.4,-3618.03,66.0,973.0,0.0
14410.5,144619.0,-6172.3,149.0,6057.0,1.0
11627.1,35361.0,-4633.0,34.0,1690.0,0.0
4721.73,4110.33,-1461.83,19.0,340.0,0.0
19681.7,334145.0,-8994.0,89.0,11881.0,0.0
9137.24,29121.2,-3361.93,44.0,1626.0,0.0
22062.4,410269.0,-8570.0,65.0,14125.0,0.0
6773.6,6427.73,-2160.0,12.0,395.0,0.0
8634.81,9959.88,-2880.89,22.0,554.0,1.0
9210.46,17156.1,-4288.33,34.0,931.0,0.0
8053.46,16078.0,-3614.0,32.0,891.0,0.0
18501.4,389928.0,-13295.0,119.0,13968.0,0.0
13235.2,103448.0,-1910.0,26.0,3450.0,0.0
6778.44,12058.7,-1788.47,7.0,765.0,0.0
13057.9,61014.0,-5200.0,34.0,2754.0,1.0
3944.7,1448.0,-1005.54,42.0,133.0,0.0
8265.77,27837.0,-3169.0,35.0,1579.0,1.0
12406.6,45550.0,-5419.64,56.0,2061.0,1.0
7789.11,4479.33,-2760.21,28.0,271.0,1.0
18038.5,197109.0,-8960.0,49.0,7459.0,0.0
20675.4,244859.0,-12900.0,82.0,8870.0,0.0
22754.2,410864.0,-5210.0,61.0,14125.0,0.0
9596.24,25395.6,-3270.6,20.0,1415.0,1.0
12750.2,59620.1,-5780.0,31.0,2754.0,0.0
2747.02,54.9691,-226.0,92.0,5.0,0.0
11198.2,49408.6,-3980.0,24.0,2677.0,1.0
11371.4,45777.0,-3979.0,16.0,2323.0,0.0
6979.58,13299.3,-1491.99,25.0,804.0,0.0
14411.0,96914.3,-5731.79,49.0,4249.0,1.0
14699.1,59786.7,-6693.32,163.0,2610.0,0.0
11018.8,39880.4,-3861.0,28.0,2118.0,1.0
9531.25,40151.0,-3081.36,97.0,2181.0,0.0
8642.34,26761.0,-2779.53,87.0,1521.0,1.0
24207.0,256198.0,-12500.0,80.0,8870.0,0.0
4456.48,3060.4,-1245.17,31.0,249.0,1.0
15072.6,90583.0,-5689.0,18.0,3295.0,0.0
5084.15,2855.6,-1255.4,54.0,224.0,0.0
7726.52,4619.29,-2555.36,23.0,271.0,1.0
8204.68,17699.0,-3108.0,31.0,938.0,1.0
7322.17,8874.15,-1903.26,79.0,517.0,0.0
10282.6,36901.7,-3700.0,35.0,1997.0,1.0
17228.7,230844.0,-8095.0,94.0,8352.0,0.0
9556.51,26678.2,-3229.8,26.0,1415.0,1.0
17731.7,161903.0,-9202.0,86.0,5863.0,0.0
8815.67,20574.7,-3449.45,88.0,1162.0,1.0
18802.9,215501.0,-10383.0,345.0,7959.0,0.0
10003.1,33159.5,-3458.32,85.0,1922.0,1.0
9897.73,32931.2,-3525.95,82.0,1922.0,1.0
7588.11,15908.3,-2813.62,76.0,970.0,1.0
20388.5,458674.0,-13400.0,51.0,15505.0,1.0
9133.52,37880.4,-3761.15,38.0,2054.0,0.0
10177.5,53842.8,-2580.0,32.0,2599.0,1.0
15310.2,162594.0,-10039.0,73.0,6075.0,0.0
7160.43,4181.46,-2272.95,71.0,249.0,1.0
8713.91,12052.7,-2698.57,91.0,619.0,0.0
12787.9,49620.8,-5000.0,30.0,2188.0,1.0
12953.8,79776.0,-5930.0,60.0,3539.0,1.0
8377.2,12246.8,-2391.42,79.0,693.0,0.0
12916.4,47101.0,-4623.0,55.0,1998.0,0.0
9963.45,26777.3,-3302.47,30.0,1415.0,1.0
2504.36,50.7582,-554.0,96.0,5.0,0.0
7827.7,7481.0,-2187.0,7.0,400.0,0.0
9486.52,34265.7,-4600.31,130.0,1691.0,1.0
9749.65,34083.1,-3335.91,84.0,1922.0,1.0
8910.83,20511.0,-3506.26,95.0,1162.0,1.0
2572.08,49.5646,-378.0,96.0,5.0,0.0
5845.67,11118.5,-1911.49,31.0,764.0,1.0
9264.83,22982.5,-4760.0,28.0,1212.0,0.0
23486.9,280396.0,-9132.62,82.0,9276.0,0.0
10099.0,26250.5,-4361.28,36.0,1469.0,1.0
5611.04,7166.24,-1631.18,49.0,545.0,1.0
8022.85,12985.1,-2583.19,32.0,806.0,1.0
13064.1,79824.2,-5330.0,60.0,3539.0,1.0
7995.72,12935.5,-2668.89,19.0,806.0,1.0
19531.0,410299.0,-10300.0,59.0,14125.0,0.0
8741.18,28768.8,-3491.35,35.0,1626.0,1.0
28631.7,539292.0,-17198.0,91.0,16243.0,0.0
6251.57,2015.0,-2135.0,13.0,133.0,0.0
10640.2,39391.0,-3918.56,32.0,2118.0,1.0
12832.4,51315.4,-3290.0,32.0,2464.0,0.0
11094.0,51181.2,-4485.91,105.0,2534.0,1.0
10105.3,34219.6,-3425.27,80.0,1922.0,1.0
12895.0,104485.0,-7059.0,34.0,4344.0,0.0
9071.08,11244.0,-3004.7,28.0,654.0,1.0
16634.4,145365.0,-4280.0,53.0,5844.0,1.0
2827.13,1219.01,-720.707,30.0,100.0,0.0
6885.9,8702.4,-1902.74,64.0,517.0,0.0
18544.5,147401.0,-10100.0,80.0,5537.0,0.0
6929.55,6514.0,-2869.0,19.0,424.0,0.0
7315.06,15525.1,-2614.18,64.0,970.0,1.0
12194.3,60321.9,-4100.0,30.0,2822.0,1.0
7153.72,7294.86,-2080.0,159.0,486.0,1.0
12907.1,90323.0,-6766.0,52.0,3719.0,0.0
9817.97,33505.9,-3492.59,93.0,1922.0,1.0
8034.49,16553.2,-2825.42,79.0,844.0,0.0
8816.91,29095.5,-3428.29,35.0,1626.0,0.0
13484.9,60697.7,-5520.0,29.0,2754.0,0.0
7895.89,15427.5,-2552.19,58.0,970.0,1.0
7825.4,9140.55,-1500.0,27.0,516.0,1.0
7173.82,14836.3,-1597.35,19.0,804.0,0.0
6979.66,5055.61,-1961.39,48.0,346.0,0.0
9108.22,13650.2,-2874.24,15.0,729.0,1.0
7044.97,4174.19,-2310.54,71.0,249.0,1.0
15060.5,115975.0,-3910.0,56.0,4426.0,0.0
5921.03,7071.89,-1658.0,48.0,545.0,1.0
11125.7,49788.2,-5530.0,33.0,2677.0,0.0
14873.0,108978.0,-8004.0,73.0,4625.0,1.0
9233.03,16484.3,-3538.8,75.0,973.0,0.0
5977.9,11023.0,-1908.82,20.0,764.0,1.0
8184.87,13029.9,-2691.4,15.0,806.0,1.0
13733.4,66410.0,-1750.0,56.0,2822.0,0.0
35526.5,715495.0,-10837.0,137.0,16970.0,0.0
5945.75,5029.7,-2390.0,7.0,292.0,0.0
10191.9,35308.3,-4340.29,123.0,1691.0,1.0
5491.92,7079.7,-1685.77,45.0,545.0,1.0
8940.96,31361.0,-4011.0,92.0,1806.0,0.0
12150.2,55520.0,-6168.0,68.0,2397.0,0.0
9307.28,25763.7,-3399.0,34.0,1415.0,1.0
9850.18,17099.7,-3855.34,75.0,973.0,0.0
9858.32,53006.1,-2920.0,35.0,2599.0,1.0
5232.84,3516.26,-839.097,47.0,132.0,0.0
8790.12,12028.5,-2747.59,95.0,619.0,0.0
19417.2,160910.0,-8350.0,89.0,6290.0,1.0
8154.8,12088.1,-2519.82,82.0,693.0,0.0
8685.93,9617.01,-2574.98,98.0,490.0,1.0
11539.0,87327.7,-2200.0,20.0,3450.0,1.0
5434.34,3360.47,-1081.95,38.0,249.0,0.0
3675.47,2044.92,-566.965,9.0,161.0,0.0
17313.4,263464.0,-9186.0,182.0,9816.0,0.0
11112.8,73920.4,-4330.0,25.0,3630.0,0.0
11536.8,27644.0,-827.0,29.0,1111.0,1.0
12872.3,72868.8,-5514.29,36.0,3211.0,1.0
10020.4,26756.9,-3277.48,22.0,1415.0,1.0
7339.87,9264.32,-3190.23,15.0,554.0,0.0
7490.77,9224.45,-2942.89,21.0,554.0,0.0
16641.2,110902.0,-6660.0,35.0,4619.0,1.0
8104.63,4633.68,-2692.97,32.0,271.0,1.0
2960.64,65.693,-183.0,96.0,5.0,0.0
5196.71,3011.5,-1214.66,44.0,224.0,0.0
23377.7,267266.0,-12300.0,76.0,8870.0,0.0
13501.1,60791.9,-4790.0,32.0,2754.0,1.0
16541.8,142461.0,-10712.0,309.0,5428.0,0.0
6329.38,5068.19,-1230.0,17.0,292.0,0.0
11423.5,39269.0,-3990.33,110.0,1751.0,1.0
11496.6,41065.5,-1970.0,34.0,1414.0,1.0
13149.2,40266.8,-2760.0,40.0,1581.0,0.0
15496.8,128042.0,-8414.0,251.0,5739.0,0.0
13588.5,66781.4,-3460.0,50.0,2192.0,0.0
16035.6,153244.0,-8096.0,113.0,5421.0,0.0
13999.2,150299.0,-7437.0,245.0,6403.0,0.0
5864.98,4202.93,-1410.61,125.0,318.0,0.0
12707.6,76058.0,-5448.34,50.0,3211.0,1.0
12850.1,74233.4,-159.0,25.0,3630.0,0.0
11464.1,32079.0,-5161.0,40.0,1521.0,0.0
8767.14,25362.4,-3088.02,38.0,1519.0,0.0
14043.2,91950.0,-6274.0,81.0,3719.0,1.0
3729.57,1434.29,-576.684,34.0,100.0,0.0
6062.76,7709.18,-1711.21,71.0,457.0,0.0
9119.85,25326.5,-795.0,16.0,1111.0,0.0
10369.9,21303.0,-2662.0,52.0,848.0,1.0
17829.6,195418.0,-7500.0,50.0,7459.0,0.0
6973.7,4033.78,-2230.73,72.0,249.0,1.0
9213.42,36760.9,-4570.0,48.0,1997.0,1.0
14471.1,59202.9,-6791.78,162.0,2610.0,0.0
13869.9,140912.0,-4880.0,47.0,5844.0,0.0
9003.68,26084.7,-3061.84,37.0,1519.0,1.0
14205.3,144534.0,-6051.98,155.0,6057.0,1.0
9864.73,43563.3,-3026.12,99.0,2181.0,0.0
2485.83,54.8218,-5.91,92.0,5.0,0.0
5055.64,2870.85,-1199.41,47.0,224.0,0.0
8730.65,11175.4,-3213.45,35.0,654.0,1.0
9511.74,26507.9,-3427.66,24.0,1415.0,1.0
12457.9,78883.5,-7150.0,45.0,3539.0,0.0
17311.2,137031.0,-6180.0,71.0,5537.0,0.0
8614.74,51165.2,-4120.0,24.0,2599.0,1.0
5763.43,1712.17,-1376.47,21.0,147.0,1.0
12446.5,74663.2,-3270.0,27.0,3630.0,0.0
6697.76,11760.5,-1875.25,5.0,645.0,0.0
2193.22,57.0036,-732.0,10.0,5.0,0.0
13112.5,52075.4,-5020.0,22.0,2188.0,0.0
13427.1,23730.0,-3935.0,28.0,1021.0,0.0
7713.53,12856.0,-2767.96,15.0,806.0,1.0
14278.7,47317.2,-5433.45,57.0,2061.0,1.0
17731.4,163471.0,-7362.47,78.0,6744.0,0.0
32053.9,829913.0,-17926.0,110.0,22296.0,0.0
13486.6,46709.9,-5793.3,65.0,2061.0,1.0
19267.5,196483.0,-7870.0,48.0,7459.0,0.0
2525.35,48.7784,-244.0,96.0,5.0,0.0
8250.17,9376.3,-2854.38,23.0,554.0,1.0
8167.82,21417.2,-2945.37,80.0,1156.0,0.0
9635.72,50718.9,-2120.0,20.0,2599.0,1.0
7163.34,13691.4,-1404.62,40.0,804.0,0.0
12742.1,80184.4,-6510.0,62.0,3539.0,0.0
11450.3,86085.0,-2490.0,25.0,3450.0,1.0
5029.21,4322.14,-1306.54,12.0,340.0,0.0
23429.4,238149.0,-9215.0,54.0,7840.0,0.0
9807.16,52971.4,-3160.0,21.0,2599.0,1.0
9035.99,24760.0,-2040.0,22.0,1111.0,1.0
14208.4,91552.3,-3390.0,53.0,3885.0,0.0
9112.41,28640.3,-3366.92,30.0,1626.0,1.0
5143.99,4398.6,-1660.0,13.0,292.0,0.0
9678.72,26456.0,-3378.94,23.0,1415.0,1.0
9018.74,27898.6,-2350.0,19.0,1414.0,1.0
3960.36,2216.28,-1066.98,20.0,165.0,0.0
7319.59,8865.56,-1100.0,27.0,516.0,1.0
6486.0,11319.6,-1782.76,21.0,764.0,0.0
11880.5,35722.0,-7190.0,39.0,1750.0,0.0
18761.6,161110.0,-9250.0,85.0,6290.0,1.0
11294.5,68802.1,-5243.05,147.0,3373.0,0.0
16676.1,143336.0,-7397.09,188.0,5847.0,1.0
5560.64,3995.87,-1502.22,124.0,318.0,0.0
9589.16,30103.7,-3260.76,121.0,1747.0,0.0
11852.5,49483.6,-4410.0,49.0,2464.0,1.0
6073.63,2412.16,-1381.97,18.0,185.0,1.0
16028.8,329302.0,-8654.0,286.0,11715.0,0.0
9482.74,17301.1,-3875.18,74.0,973.0,0.0
16361.5,160109.0,-7623.56,73.0,6744.0,0.0
15155.1,95591.9,-5020.0,70.0,3885.0,1.0
4304.14,1426.0,-746.0,5.0,113.0,0.0
22296.5,492812.0,-15125.0,108.0,15693.0,0.0
4190.95,1245.37,-926.182,34.0,102.0,0.0
26004.1,483505.0,-11800.0,54.0,15505.0,0.0
10639.0,57883.8,-4584.04,138.0,2904.0,0.0
11663.6,56803.4,-2780.0,58.0,2822.0,0.0
5916.23,11404.5,-1918.79,25.0,764.0,1.0
5048.07,4249.16,-1020.0,10.0,317.0,0.0
22996.2,515625.0,-11642.3,142.0,18067.0,1.0
16899.1,98475.0,-6292.0,65.0,2605.0,0.0
9792.46,33109.2,-3601.05,85.0,1922.0,1.0
8558.9,51059.4,-3870.0,24.0,2599.0,0.0
10427.8,49118.6,-4490.0,26.0,2677.0,0.0
9427.84,51542.0,-2830.0,23.0,2599.0,0.0
9488.81,33602.5,-3392.38,94.0,1922.0,1.0
13941.8,87127.0,-6004.0,29.0,3626.0,0.0
6597.9,7382.78,-1489.92,24.0,545.0,1.0
13796.5,142183.0,-6301.22,191.0,6057.0,0.0
9976.42,26681.2,-3213.4,22.0,1415.0,1.0
20708.8,184847.0,-9631.0,153.0,6182.0,0.0
6474.58,10965.0,-1818.39,22.0,764.0,1.0
8320.33,28099.2,-2862.24,82.0,1521.0,1.0
10705.9,38859.4,-3770.72,38.0,2118.0,1.0
10278.6,23934.0,-933.0,33.0,1111.0,0.0
15966.9,116317.0,-4170.0,57.0,4426.0,0.0
5752.6,4372.97,-1030.0,28.0,292.0,0.0
6992.33,6999.82,-2330.0,164.0,486.0,1.0
6082.28,11195.3,-1893.42,24.0,764.0,1.0
10250.9,86241.9,-3030.0,17.0,3450.0,0.0
12939.2,72302.8,-5170.31,74.0,3211.0,0.0
7824.87,12850.3,-2803.88,15.0,806.0,1.0
24315.8,488119.0,-13200.0,49.0,15505.0,0.0
6720.83,14173.0,-2471.38,82.0,809.0,0.0
5958.0,11268.0,-1872.91,26.0,764.0,1.0
24447.2,666240.0,-12312.0,69.0,17503.0,0.0
12958.4,95991.0,-8195.0,128.0,4059.0,0.0
13025.4,51269.9,5340.0,32.0,2464.0,0.0
9176.04,27046.5,-2924.98,101.0,1403.0,1.0
7477.06,9520.88,-2524.07,18.0,621.0,0.0
5810.66,4064.48,-1576.8,125.0,318.0,0.0
12300.2,90598.5,-4360.0,51.0,3885.0,1.0
15934.0,110185.0,-7670.0,49.0,4619.0,1.0
6533.86,13576.3,-1569.7,15.0,804.0,0.0
5814.64,4763.86,-1010.0,21.0,343.0,0.0
7594.77,15816.3,-2646.55,71.0,970.0,1.0
13527.4,122181.0,-6998.0,319.0,5220.0,0.0
5954.81,4296.1,-1377.05,120.0,318.0,0.0
12706.2,81125.1,-4320.0,74.0,3539.0,1.0
10528.6,77156.0,-4186.0,32.0,2251.0,0.0
4279.29,1911.47,-1048.88,5.0,166.0,0.0
5435.62,2735.85,-1114.27,35.0,224.0,0.0
8733.54,44082.0,-5005.0,39.0,2188.0,0.0
7829.07,8335.23,2400.0,24.0,453.0,0.0
7008.85,4098.52,-2329.81,70.0,249.0,1.0
3796.93,1453.87,-604.863,33.0,100.0,0.0
13128.5,59784.8,-3640.0,71.0,2822.0,1.0
16082.2,142359.0,-7970.0,153.0,5742.0,1.0
7649.19,12817.6,-2907.84,15.0,806.0,1.0
21877.9,516194.0,-11570.9,143.0,18067.0,1.0
8668.18,10477.0,-2754.48,88.0,587.0,1.0
14741.4,145307.0,-6185.96,179.0,6057.0,1.0
9433.12,22672.4,-4130.0,43.0,1212.0,0.0
8546.7,11175.0,-3806.0,62.0,620.0,0.0
16321.3,118728.0,-4140.0,79.0,4721.0,0.0
28806.0,545495.0,-15120.0,122.0,16964.0,0.0
8787.16,20778.6,-3470.08,92.0,1162.0,1.0
5255.34,4104.91,-1740.0,12.0,292.0,0.0
5919.63,7157.2,-1636.11,54.0,545.0,1.0
11656.9,33331.0,-4078.11,104.0,1692.0,0.0
8325.8,25225.9,-3209.44,27.0,1519.0,0.0
6940.68,4039.98,-2279.4,72.0,249.0,1.0
6381.59,16412.0,-3153.0,9.0,1014.0,0.0
5757.49,11120.1,-1915.98,21.0,764.0,1.0
5409.44,5712.0,-2009.0,6.0,422.0,0.0
4815.26,3219.61,-1190.47,26.0,249.0,0.0
11149.8,37871.4,-3575.04,120.0,1751.0,0.0
13267.9,69167.0,-3877.46,93.0,3373.0,0.0
14785.3,141827.0,-4330.0,60.0,5844.0,0.0
4816.71,3815.99,-1140.0,14.0,317.0,0.0
8671.49,25152.6,-2976.89,30.0,1519.0,0.0
13672.2,95559.3,-5755.27,52.0,4249.0,1.0
7809.96,12552.2,-2775.33,88.0,694.0,1.0
15251.9,141424.0,-3360.0,54.0,5844.0,1.0
21580.7,284392.0,-14653.0,51.0,9696.0,0.0
10923.6,58037.9,-4473.01,140.0,2904.0,0.0
2989.29,1324.74,-719.74,35.0,100.0,0.0
13374.6,50931.7,-5660.0,36.0,2464.0,0.0
9297.46,28706.5,-3412.07,35.0,1626.0,1.0
16803.1,175455.0,-6740.0,82.0,6746.0,1.0
11050.2,47893.0,-6782.0,31.0,2255.0,0.0
13057.8,52871.6,-5969.93,53.0,2334.0,1.0
18448.4,202825.0,-8580.0,51.0,7459.0,0.0
22131.8,407109.0,-8020.0,67.0,14125.0,0.0
12584.8,71728.4,-5586.27,31.0,3211.0,0.0
12452.0,93589.4,-1420.0,31.0,3450.0,1.0
22050.9,413907.0,-8100.0,73.0,14125.0,0.0
8150.86,9547.89,-3002.91,25.0,554.0,1.0
13998.4,49625.2,-831.0,57.0,2059.0,1.0
24567.6,433271.0,-14367.0,165.0,13977.0,0.0
6544.9,5086.2,-2220.55,54.0,346.0,0.0
7486.88,4200.06,-2226.25,69.0,249.0,1.0
13119.7,60608.3,-4920.0,36.0,2754.0,0.0
35608.7,1011380.0,-13422.0,185.0,26725.0,0.0
13843.7,50458.4,-3830.0,29.0,2464.0,1.0
11262.6,113222.0,-3570.0,49.0,4905.0,0.0
6757.77,11963.6,-1606.49,33.0,765.0,0.0
6854.23,5202.0,-3458.0,132.0,316.0,0.0
10727.5,60535.0,-4729.0,26.0,2744.0,0.0
8712.12,38889.6,-4190.0,21.0,1885.0,0.0
6638.18,10333.6,-3380.0,15.0,689.0,0.0
15578.0,157585.0,-8720.0,78.0,6290.0,0.0
9270.44,39513.1,-4090.0,11.0,1885.0,0.0
15318.9,96277.6,-5690.0,60.0,3885.0,1.0
6867.66,13554.4,-1511.16,21.0,804.0,0.0
3870.42,1443.04,-989.0,42.0,133.0,0.0
9671.7,47872.0,-4565.0,43.0,2460.0,0.0
9301.13,11107.0,-2902.05,36.0,654.0,1.0
5154.7,2927.84,-1051.09,30.0,249.0,0.0
5838.06,11116.3,-1957.64,17.0,764.0,1.0
10961.7,83593.5,-2170.0,25.0,3450.0,0.0
12655.9,78736.1,-4740.0,50.0,3539.0,0.0
4376.05,1946.46,-1052.22,4.0,166.0,0.0
17812.2,112293.0,-5880.0,38.0,4619.0,1.0
23904.3,276650.0,-9670.0,105.0,8350.0,0.0
11056.9,37712.1,-3863.9,104.0,1751.0,0.0
8205.22,38906.3,-3890.0,11.0,1885.0,0.0
11095.4,18713.6,-2230.0,32.0,772.0,1.0
10645.4,38699.0,-3815.66,39.0,2118.0,1.0
9011.31,27080.2,-1520.0,34.0,1414.0,1.0
20401.1,318812.0,-11998.0,92.0,10683.0,0.0
23042.2,520235.0,-11295.7,120.0,18067.0,1.0
13530.1,123155.0,-8247.0,46.0,5423.0,0.0
5307.33,4226.84,-1310.0,10.0,317.0,0.0
21859.1,409640.0,-9480.0,76.0,14125.0,0.0
14899.6,59476.1,-6734.8,163.0,2610.0,0.0
30890.7,890793.0,-16372.0,136.0,24027.0,0.0
4747.12,3395.31,-1145.96,17.0,249.0,0.0
7786.53,50282.2,-2520.0,42.0,2599.0,0.0
9604.12,24208.5,-1240.0,13.0,1111.0,0.0
6569.61,13417.1,-1596.23,18.0,804.0,0.0
12954.4,70699.0,-5573.89,44.0,3211.0,0.0
5850.53,7222.69,-1823.94,75.0,457.0,1.0
22636.5,253867.0,-13600.0,60.0,8870.0,0.0
11376.6,32234.5,409.0,40.0,1581.0,1.0
13755.0,96181.3,-461.51099999999997,58.0,4249.0,0.0
5796.8,7138.97,-1629.51,53.0,545.0,1.0
8337.56,9896.62,-2367.51,16.0,621.0,1.0
10903.9,18765.8,-1070.0,32.0,772.0,0.0
10264.6,85325.9,-2490.0,22.0,3450.0,0.0
9540.66,12379.4,-2475.07,85.0,619.0,1.0
22134.8,410557.0,-9480.0,67.0,14125.0,0.0
4579.67,3028.06,-1244.99,38.0,249.0,1.0
3997.74,2174.12,-1109.01,20.0,165.0,0.0
12060.7,70403.5,-5759.87,43.0,3211.0,0.0
9321.66,32962.2,-3567.11,88.0,1922.0,1.0
9867.71,25858.6,-3387.28,24.0,1415.0,1.0
5792.39,4212.9,-1517.45,117.0,318.0,0.0
6535.7,4041.17,-2394.98,71.0,249.0,1.0
5611.34,1773.48,-1430.97,14.0,147.0,1.0
20196.7,233772.0,-11100.0,103.0,8350.0,0.0
8826.09,28460.0,-4927.0,21.0,1522.0,0.0
24004.3,378190.0,-5970.0,123.0,11563.0,0.0
19426.5,274472.0,-9066.0,76.0,8730.0,0.0
9900.55,25596.5,-3457.9,21.0,1415.0,1.0
10170.2,35393.9,-4307.49,116.0,1691.0,1.0
9229.99,31780.7,-2008.54,43.0,1513.0,1.0
5551.53,1740.87,-1453.42,24.0,147.0,0.0
9490.47,39088.9,-2360.0,15.0,1885.0,0.0
5276.02,3501.67,-691.557,27.0,132.0,0.0
9196.55,11930.7,-2722.93,89.0,619.0,1.0
16206.7,145202.0,-7481.07,181.0,5847.0,1.0
8872.56,28649.6,-3410.33,36.0,1626.0,1.0
13869.1,66809.9,-3810.0,49.0,2192.0,0.0
22568.7,520431.0,-11729.6,141.0,18067.0,1.0
20026.0,591959.0,-14770.0,191.0,16028.0,0.0
15428.5,96320.5,-5506.14,61.0,4249.0,1.0
4096.85,2245.46,-1124.15,20.0,165.0,0.0
7790.46,4795.08,-2711.1,33.0,271.0,1.0
10379.1,38682.0,-3872.28,31.0,2118.0,1.0
7674.0,8013.07,-1030.0,20.0,453.0,1.0
14352.5,142067.0,-6869.88,0.0,5847.0,0.0
18684.8,197223.0,-7850.0,57.0,7459.0,1.0
21526.4,406713.0,-6670.0,64.0,14125.0,0.0
13828.8,140208.0,928.0,40.0,5844.0,0.0
11254.2,111497.0,-2860.0,56.0,4905.0,0.0
13249.3,46138.5,-5566.66,66.0,2061.0,1.0
6381.0,7979.0,-2636.0,7.0,485.0,1.0
8628.43,29360.4,-1997.39,35.0,1513.0,1.0
11423.1,55320.0,-5042.0,143.0,2607.0,0.0
6690.95,11195.1,-1708.97,59.0,551.0,0.0
13574.3,46634.6,-5819.59,61.0,2061.0,1.0
14611.9,144817.0,-5957.46,159.0,6057.0,1.0
10923.6,31479.0,-5018.0,65.0,1587.0,0.0
5495.36,10964.1,-2147.43,18.0,764.0,1.0
12639.1,55995.9,-5010.0,27.0,2677.0,0.0
6097.37,11781.0,-2591.0,20.0,763.0,0.0
10991.2,64261.0,-5617.0,76.0,3054.0,0.0
20757.1,159488.0,-9040.0,88.0,5537.0,0.0
5823.53,1511.0,-1354.0,23.0,104.0,1.0
12173.0,73161.3,-4160.0,27.0,3630.0,0.0
7443.88,4171.36,-2249.33,71.0,249.0,1.0
6019.24,11362.7,-1859.73,24.0,764.0,1.0
7917.0,12924.3,-2758.99,15.0,806.0,1.0
16071.1,192851.0,-9540.0,53.0,7459.0,0.0
12236.8,62319.8,-4846.72,20.0,2600.0,0.0
27123.8,1179210.0,-18406.0,106.0,32298.0,0.0
10572.3,50594.6,-2940.0,30.0,2677.0,1.0
5858.17,11157.8,-1920.54,23.0,764.0,1.0
14265.6,83025.8,-4950.0,52.0,3539.0,0.0
9766.47,26140.3,-3394.65,25.0,1415.0,1.0
9528.39,51523.7,-3120.0,33.0,2599.0,0.0
6925.52,13347.0,-3578.0,67.0,807.0,0.0
13876.3,62082.5,-2730.0,56.0,2822.0,1.0
4475.64,2944.56,-1250.25,38.0,249.0,1.0
14814.8,55089.7,-5980.0,37.0,2188.0,0.0
11002.8,70251.0,-6125.0,110.0,3209.0,0.0
4955.44,3712.59,-2340.0,11.0,292.0,0.0
7487.74,13312.0,-347.0,11.0,772.0,1.0
9040.99,14110.9,-2697.38,30.0,729.0,1.0
8174.08,9778.28,-3143.55,30.0,554.0,1.0
13823.5,52330.3,-5963.28,50.0,2334.0,1.0
13647.0,96066.6,-5913.69,55.0,4249.0,1.0
7335.68,14743.0,-2747.52,82.0,970.0,0.0
8828.78,13138.1,-2514.43,16.0,806.0,1.0
6478.29,13159.1,-1678.55,16.0,804.0,0.0
9481.36,33987.7,-4514.05,125.0,1691.0,1.0
9298.67,16658.7,-3764.03,77.0,973.0,0.0
8032.98,9517.11,-3021.59,89.0,490.0,0.0
8575.26,12354.4,-2434.33,78.0,693.0,0.0
7309.67,13947.7,-2408.7,85.0,809.0,0.0
10628.3,24690.4,-1110.0,48.0,1111.0,1.0
16553.0,163120.0,-7423.33,84.0,6744.0,0.0
22276.8,312374.0,-12796.0,83.0,9968.0,0.0
18376.7,126957.0,-7409.0,77.0,4723.0,0.0
8332.77,30412.0,-4810.0,29.0,1518.0,0.0
13159.6,90520.9,-5460.0,47.0,3885.0,0.0
6638.04,8392.86,-1050.0,27.0,516.0,0.0
11192.5,42299.0,-2450.0,28.0,1414.0,1.0
17907.0,164425.0,-12973.0,323.0,5539.0,0.0
7787.56,12962.3,-2632.23,16.0,806.0,1.0
11569.5,54583.0,-4870.0,80.0,2596.0,1.0
16228.5,118079.0,-3790.0,74.0,4426.0,0.0
14760.5,70045.0,-5125.0,100.0,2675.0,0.0
5591.27,4762.29,-1010.0,21.0,343.0,0.0
4857.85,4360.66,-1351.77,22.0,340.0,0.0
9428.68,12206.4,-2665.52,81.0,619.0,1.0
7646.39,14032.1,-2315.56,83.0,809.0,0.0
6077.37,10296.5,-3930.0,22.0,689.0,0.0
10477.3,27056.5,-305.0,18.0,1111.0,1.0
7884.15,12866.3,-2813.8,15.0,806.0,1.0
6572.41,8492.0,-2410.0,45.0,590.0,0.0
21837.0,410381.0,-9000.0,57.0,14125.0,0.0
9061.81,12962.8,-2408.95,82.0,693.0,1.0
7400.88,6831.39,-1370.0,15.0,395.0,1.0
2243.22,59.2686,-740.0,10.0,5.0,0.0
13402.1,77853.1,-5474.66,31.0,3211.0,1.0
10670.5,38398.8,-3772.66,103.0,1751.0,0.0
22653.7,515113.0,-11528.3,146.0,18067.0,1.0
22267.5,412263.0,-7620.0,72.0,14125.0,0.0
3494.67,1437.77,-1007.61,42.0,133.0,0.0
2530.64,51.5672,-755.0,8.0,5.0,0.0
10018.4,36583.6,-4260.0,41.0,1997.0,1.0
11007.7,58003.8,-3730.0,34.0,2822.0,1.0
6626.48,7418.07,-1620.0,158.0,486.0,1.0
6929.16,10332.6,-2910.0,16.0,689.0,0.0
3840.0,1433.37,-606.618,32.0,100.0,0.0
18374.8,178742.0,-6080.0,66.0,6746.0,0.0
12887.9,46893.8,-5947.8,67.0,2061.0,1.0
5677.78,7936.77,-1979.79,82.0,457.0,0.0
7399.44,26558.2,-2737.96,72.0,1521.0,1.0
8635.73,12035.6,-2763.36,90.0,619.0,0.0
9225.65,24192.0,-3164.0,46.0,1307.0,0.0
16900.4,162568.0,-7440.66,82.0,6744.0,0.0
21932.0,514740.0,-11794.9,136.0,18067.0,1.0
2860.42,70.1354,-156.0,96.0,5.0,0.0
5864.89,11336.1,-1853.99,25.0,764.0,1.0
24605.2,243380.0,-6760.0,92.0,8350.0,0.0
12996.6,57194.1,-4000.0,43.0,2192.0,1.0
5007.59,4945.0,-1372.0,34.0,340.0,0.0
10428.4,21138.0,-3254.0,28.0,1117.0,1.0
14596.4,131986.0,-7895.0,211.0,5319.0,0.0
12415.5,72018.0,-5525.24,50.0,3211.0,0.0
4980.41,1616.65,-1470.69,20.0,147.0,0.0
16394.0,102313.0,-6697.0,40.0,4153.0,0.0
13378.5,135275.0,-10438.0,43.0,5526.0,0.0
14737.0,52154.4,-3270.0,39.0,2464.0,0.0
5501.99,4296.31,-779.0,17.0,292.0,0.0
5757.16,1245.0,-3524.0,46.0,77.0,0.0
8596.81,38006.0,-4038.0,16.0,2118.0,0.0
7767.9,11360.2,-3371.74,24.0,654.0,0.0
14586.1,94869.4,-4890.0,78.0,3885.0,0.0
9504.98,26080.1,-3414.63,27.0,1415.0,1.0
10787.0,29153.0,-3684.0,22.0,1361.0,0.0
8365.67,9604.68,-2907.17,22.0,554.0,1.0
11961.0,35557.8,-2330.0,20.0,1581.0,0.0
8635.09,11354.5,-3073.68,45.0,654.0,1.0
12771.1,114015.0,-2810.0,43.0,4905.0,0.0
12290.5,46185.8,-5350.0,17.0,2188.0,1.0
10332.9,19457.0,-3743.0,105.0,1023.0,0.0
12748.0,59358.3,-2970.0,54.0,2822.0,1.0
20785.4,255605.0,30300.0,71.0,8870.0,0.0
6030.34,11414.9,-1915.97,22.0,764.0,1.0
10485.8,58958.6,-4515.95,84.0,2904.0,0.0
12779.2,79470.8,-6090.0,48.0,3539.0,1.0
6461.74,7604.0,-1208.0,14.0,517.0,0.0
20442.8,338806.0,-6320.0,83.0,11563.0,0.0
14886.4,59460.8,-6655.62,163.0,2610.0,0.0
4840.05,2845.81,-1257.3,45.0,224.0,0.0
6079.16,10964.4,-1888.81,19.0,764.0,1.0
13590.1,145439.0,-6429.51,162.0,6057.0,1.0
5545.83,3489.0,-2526.0,18.0,204.0,0.0
9978.85,22245.8,-1760.0,25.0,1212.0,0.0
8277.23,12015.3,-2538.45,82.0,693.0,0.0
10975.2,23004.5,-3040.0,52.0,1212.0,0.0
7802.18,12983.4,-2768.24,15.0,806.0,1.0
12991.3,74328.9,-5536.55,53.0,3211.0,0.0
7577.23,10674.0,-2280.0,14.0,692.0,0.0
5624.65,3355.85,-1080.62,39.0,249.0,1.0
9291.3,11465.8,-2996.51,43.0,654.0,1.0
7409.61,16920.0,-2584.0,45.0,932.0,0.0
17292.3,219612.0,-16166.0,182.0,8347.0,0.0
13793.3,101543.0,-9117.0,50.0,4536.0,0.0
14644.1,79313.8,-7293.02,67.0,3466.0,0.0
14048.8,53023.4,-4269.72,51.0,2334.0,1.0
18335.7,174336.0,-8879.0,84.0,5542.0,0.0
8010.35,12824.0,-2688.23,15.0,806.0,1.0
9426.55,12427.0,-5505.0,31.0,661.0,0.0
13215.2,61318.6,-4290.0,26.0,2754.0,1.0
5648.53,4523.23,-1249.94,15.0,340.0,0.0
18552.8,160616.0,-9240.0,94.0,6290.0,1.0
13440.9,40660.0,633.0,42.0,1581.0,0.0
6049.43,5195.0,-1383.0,77.0,398.0,0.0
11204.6,50356.0,-5150.0,24.0,2677.0,0.0
13164.6,91482.2,-5530.0,48.0,3885.0,0.0
10393.8,26852.3,-3361.98,21.0,1415.0,1.0
3999.01,2169.38,-1041.16,20.0,165.0,0.0
5377.27,4291.84,-906.0,15.0,292.0,0.0
5873.19,7158.75,-1652.2,50.0,545.0,1.0
24955.3,520746.0,-10216.1,137.0,18067.0,0.0
9975.6,27550.0,-4447.0,65.0,1209.0,0.0
21783.1,407050.0,-9370.0,64.0,14125.0,1.0
17446.6,161204.0,-7344.21,70.0,6744.0,0.0
8825.02,20080.0,-3310.54,86.0,1162.0,0.0
9767.79,35207.9,-4456.86,130.0,1691.0,1.0
6835.72,4042.8,-2213.27,75.0,249.0,1.0
4055.36,5888.0,-1044.0,20.0,481.0,0.0
6015.74,4986.38,-1420.0,21.0,343.0,0.0
17800.6,198032.0,-2508800.0,78.0,6636.0,0.0
12865.5,46727.5,-2240.0,52.0,2059.0,0.0
10764.2,17280.6,-3529.83,68.0,973.0,1.0
5510.47,1636.31,-1383.12,13.0,147.0,0.0
9087.96,28495.3,-3478.53,32.0,1626.0,1.0
5586.67,1782.69,-1427.63,15.0,147.0,1.0
12756.0,68486.0,-4464.0,38.0,2681.0,0.0
7292.61,12627.0,-2266.0,10.0,693.0,0.0
12012.5,109353.0,-6471.0,82.0,4716.0,0.0
10977.3,51467.8,-4529.53,116.0,2534.0,1.0
10655.0,37605.2,-4086.73,96.0,1751.0,0.0
18490.0,149638.0,-7115.36,163.0,5847.0,0.0
11167.7,112064.0,-3070.0,54.0,4905.0,0.0
10152.6,35810.3,-4297.08,110.0,1691.0,1.0
9680.16,18674.0,-4377.0,21.0,1071.0,0.0
9975.47,26210.2,-3316.14,28.0,1415.0,1.0
14304.7,141752.0,-5850.0,52.0,5844.0,0.0
10406.2,34485.6,-4341.5,133.0,1691.0,1.0
6970.17,3995.3,-2201.83,72.0,249.0,1.0
25749.1,305686.0,-5480.0,99.0,8350.0,0.0
18525.2,160511.0,-9760.0,98.0,6290.0,1.0
9339.5,27386.3,-3020.16,107.0,1403.0,1.0
5116.52,4225.54,-1358.82,12.0,340.0,0.0
9725.25,51941.1,-3270.0,20.0,2599.0,0.0
7543.28,15570.2,-2823.67,82.0,970.0,1.0
5638.36,7435.98,-1947.05,75.0,457.0,0.0
13861.5,143499.0,-5808.03,160.0,6057.0,1.0
13510.5,52118.9,-5964.05,62.0,2334.0,1.0
9943.07,34345.6,-4524.66,127.0,1691.0,1.0
14552.4,118086.0,-2970.0,39.0,4905.0,0.0
3875.65,1479.51,-1028.42,41.0,133.0,0.0
21838.0,412517.0,-8640.0,68.0,14125.0,0.0
7448.52,9020.02,-1815.52,67.0,517.0,0.0
12627.8,46045.9,-5891.05,71.0,2061.0,1.0
15285.5,110659.0,3630.0,41.0,4619.0,0.0
10719.1,55379.0,-3185.0,39.0,2601.0,1.0
15277.1,107642.0,-10052.0,244.0,4623.0,0.0
17740.0,197414.0,-8023.0,90.0,6982.0,0.0
5006.36,2888.96,-1267.94,52.0,224.0,0.0
